player,player_id,position,team_name,player_game_count,declined_penalties,franchise_id,grades_pass_block,hits_allowed,hurries_allowed,non_spike_pass_block,non_spike_pass_block_percentage,pass_block_percent,pbe,penalties,pressures_allowed,sacks_allowed,snap_counts_pass_block,snap_counts_pass_play,true_pass_set_grades_pass_block,true_pass_set_hits_allowed,true_pass_set_hurries_allowed,true_pass_set_non_spike_pass_block,true_pass_set_non_spike_pass_block_percentage,true_pass_set_pass_block_percent,true_pass_set_pbe,true_pass_set_pressures_allowed,true_pass_set_sacks_allowed,true_pass_set_snap_counts_pass_block,true_pass_set_snap_counts_pass_play
Mike Onwenu,27357,G,NE,21,0,19,78.2,1,24,765,100.0,100.0,98.1,2,27,2,808,808,73.4,1,18,384,100.0,100.0,97.0,21,2,413,413
Mike McGlinchey,46275,T,DEN,19,0,10,69.9,7,33,765,100.0,100.0,97.1,0,42,2,806,806,68.8,5,20,334,100.0,100.0,96.0,26,1,351,351
Garett Bolles,11775,T,DEN,19,1,10,91.0,6,17,762,99.9,99.9,98.5,4,23,0,803,804,84.8,4,13,334,100.0,100.0,97.5,17,0,351,351
Garrett Bradbury,46013,C,NE,21,0,19,64.1,4,23,760,100.0,100.0,98.0,1,29,2,802,802,56.2,3,17,383,100.0,100.0,96.9,22,2,411,411
Quinn Meinerz,112915,G,DEN,19,2,10,69.0,5,24,757,100.0,100.0,97.7,3,32,3,798,798,53.2,5,19,332,100.0,100.0,95.5,27,3,349,349
Coleman Shelton,39316,C,LA,20,1,26,53.1,4,18,751,100.0,100.0,98.3,2,24,2,797,797,39.9,3,15,334,100.0,100.0,97.0,19,1,354,354
Drew Dalman,52270,C,CHI,19,0,6,67.3,3,27,744,100.0,100.0,97.8,2,31,1,789,789,57.6,1,19,322,100.0,100.0,96.6,21,1,344,344
Joe Thuney,10712,G,CHI,19,0,6,87.7,2,20,743,100.0,100.0,98.5,0,22,0,788,788,75.4,1,16,322,100.0,100.0,97.4,17,0,344,344
Hjalte Froholdt,44959,C,ARZ,17,2,1,72.0,2,17,740,100.0,100.0,98.6,3,20,1,788,788,70.8,2,10,370,100.0,100.0,98.1,13,1,396,396
Morgan Moses,8701,T,NE,21,1,19,71.0,5,27,740,100.0,100.0,97.6,2,34,2,781,781,68.2,3,22,375,100.0,100.0,96.4,26,1,403,403
Jonah Jackson,37070,G,CHI,19,0,6,65.8,2,30,730,100.0,100.0,97.4,0,35,3,772,772,56.1,2,21,318,100.0,100.0,95.4,26,3,338,338
Aireontae Ersery,129649,T,HST,18,3,13,65.4,11,30,699,100.0,100.0,95.9,5,49,8,753,753,55.3,7,21,320,100.0,100.0,93.7,34,6,344,344
Alaric Jackson,40972,T,LA,19,1,26,75.8,10,29,709,100.0,100.0,96.7,2,43,4,752,752,74.6,4,19,313,100.0,100.0,95.4,26,3,332,332
Jake Andrews,81868,C,HST,18,0,13,62.4,4,14,692,100.0,100.0,98.6,3,19,1,745,745,59.9,1,11,308,100.0,100.0,97.7,13,1,333,333
Creed Humphrey,59996,C,KC,17,1,16,84.1,2,5,692,100.0,100.0,99.3,1,8,1,742,742,80.5,1,4,285,100.0,100.0,99.1,5,0,314,314
Darnell Wright,98480,T,CHI,18,0,6,74.6,3,18,698,100.0,100.0,98.1,6,24,3,740,740,72.0,2,12,300,100.0,100.0,97.0,16,2,320,320
Colton McKivitz,29314,T,SF,19,0,28,72.6,8,26,704,100.0,100.0,97.0,2,38,4,740,740,66.0,7,21,367,100.0,100.0,95.4,31,3,381,381
Dominick Puni,163815,G,SF,19,0,28,63.3,1,33,703,100.0,100.0,97.3,2,36,2,739,739,60.9,1,27,367,100.0,100.0,95.9,29,1,381,381
Orlando Brown Jr.,46227,T,CIN,17,0,7,62.6,10,27,691,100.0,100.0,96.0,2,46,9,733,733,52.7,8,24,362,100.0,100.0,94.2,37,5,384,384
Ted Karras,10855,C,CIN,17,0,7,70.7,2,16,691,100.0,100.0,98.6,2,19,1,733,733,72.2,1,11,362,100.0,100.0,98.1,13,1,384,384
Kingsley Suamataia,146558,G,KC,17,1,16,65.7,8,24,676,100.0,100.0,97.2,3,35,3,724,724,53.2,5,17,280,100.0,100.0,95.0,25,3,307,307
Terence Steele,39461,T,DAL,17,2,9,54.9,9,37,664,100.0,100.0,95.6,3,52,6,722,722,46.0,6,29,283,100.0,100.0,92.0,40,5,318,318
O'Cyrus Torrence,102821,G,BUF,19,1,4,64.4,1,32,678,100.0,100.0,97.1,2,36,3,716,716,44.3,1,29,287,100.0,100.0,93.7,33,3,308,308
Zion Johnson,99681,G,LAC,17,1,27,60.1,7,17,676,100.0,100.0,97.5,1,29,5,708,708,52.7,3,12,314,100.0,100.0,96.3,19,4,336,336
Graham Barton,122367,C,TB,17,2,30,52.9,4,27,647,100.0,100.0,96.8,5,36,5,701,701,33.0,4,20,308,100.0,100.0,94.5,29,5,338,338
Tyler Smith,98385,G,DAL,16,2,9,65.4,0,23,641,100.0,100.0,97.7,5,26,3,700,700,59.2,0,11,284,100.0,100.0,97.0,14,3,320,320
Bradley Bozeman,27934,C,LAC,17,1,27,45.6,6,27,667,100.0,100.0,97.1,2,36,3,699,699,46.5,5,13,305,100.0,100.0,96.7,19,1,327,327
Tytus Howard,25472,T,HST,18,2,13,76.7,1,25,643,100.0,100.0,98.0,2,26,0,696,696,72.1,1,16,296,100.0,100.0,97.1,17,0,322,322
Amarius Mims,146719,T,CIN,17,1,7,66.6,4,27,654,100.0,100.0,97.0,2,35,4,694,694,64.5,3,25,341,100.0,100.0,95.0,31,3,362,362
Peter Skoronski,129737,G,TEN,17,1,31,84.5,1,20,651,100.0,100.0,98.1,2,23,2,694,694,76.7,1,18,316,100.0,100.0,96.4,21,2,331,331
Joel Bitonio,8670,G,CLV,17,0,8,75.7,1,28,642,100.0,100.0,97.4,0,31,2,686,686,71.1,1,21,346,100.0,100.0,96.2,24,2,370,370
Ezra Cleveland,41973,G,JAX,17,2,15,71.4,3,19,645,100.0,100.0,97.7,3,26,4,684,684,63.1,2,13,335,100.0,100.0,96.6,19,4,357,357
Kelvin Banks Jr.,163839,T,NO,17,2,20,70.0,7,34,636,99.8,99.9,96.0,5,46,5,680,681,65.2,6,26,308,100.0,100.0,93.5,36,4,331,331
David Edwards,35941,G,BUF,18,0,4,75.0,1,27,643,100.0,100.0,97.2,0,32,4,679,679,67.2,1,19,282,100.0,100.0,95.4,23,3,302,302
Luke Wattenberg,41024,C,DEN,16,2,10,71.0,3,12,640,100.0,100.0,98.8,3,15,0,678,678,61.4,2,8,281,100.0,100.0,98.2,10,0,296,296
Greg Van Roten,7746,G,NYG,17,0,21,70.1,1,22,625,100.0,100.0,97.7,0,26,3,678,678,59.1,1,18,277,100.0,100.0,95.8,21,2,306,306
Troy Fautanu,100521,T,PIT,18,1,25,69.4,5,23,634,100.0,100.0,97.3,1,31,3,673,673,63.1,3,19,246,100.0,100.0,94.7,24,2,263,263
Mason McCormick,78326,G,PIT,18,0,25,72.3,2,20,634,100.0,100.0,97.5,0,27,5,673,673,68.9,1,12,246,100.0,100.0,96.5,15,2,263,263
Zach Frazier,123419,C,PIT,18,1,25,75.8,3,7,634,100.0,100.0,99.1,1,11,1,673,673,64.6,3,6,246,100.0,100.0,97.8,10,1,263,263
Connor McGovern,41714,C,BUF,18,1,4,70.8,3,15,634,100.0,100.0,98.6,2,18,0,670,670,68.0,1,11,277,100.0,100.0,97.8,12,0,297,297
Trent Williams,5529,T,SF,18,0,28,80.3,10,26,635,100.0,100.0,96.5,2,40,4,668,668,75.2,5,19,329,100.0,100.0,95.4,27,3,342,342
Abraham Lucas,60218,T,SEA,20,1,29,72.8,2,28,624,100.0,100.0,97.0,2,34,4,663,663,68.2,1,21,261,100.0,100.0,94.6,25,3,275,275
Anthony Bradford,99103,G,SEA,20,0,29,32.3,6,27,622,100.0,100.0,96.5,2,38,5,661,661,24.0,5,16,262,100.0,100.0,94.8,24,3,276,276
Grey Zabel,125314,G,SEA,20,0,29,59.2,5,26,616,100.0,100.0,97.2,0,33,2,654,654,54.2,3,17,255,100.0,100.0,95.3,22,2,268,268
Jon Runyan,36661,G,NYG,16,1,21,60.6,5,24,606,100.0,100.0,97.3,3,31,2,653,653,44.7,3,17,265,100.0,100.0,95.5,22,2,288,288
Jake Brendel,11117,C,SF,17,1,28,62.5,5,22,618,100.0,100.0,97.8,2,27,0,652,652,64.2,2,12,323,100.0,100.0,97.8,14,0,336,336
Dion Dawkins,11818,T,BUF,17,0,4,79.1,2,33,613,100.0,100.0,96.0,1,42,7,649,649,69.6,1,25,278,100.0,100.0,92.8,33,7,298,298
Tate Ratledge,124034,G,DET,17,1,11,58.5,9,13,620,100.0,100.0,97.9,3,24,2,648,648,49.4,6,8,267,100.0,100.0,97.0,15,1,282,282
Jared Wilson,146717,G,NE,17,0,19,63.6,7,26,615,100.0,100.0,96.0,0,41,8,646,646,59.3,5,21,318,100.0,100.0,94.0,32,6,339,339
Anton Harrison,122929,T,JAX,16,0,15,76.7,3,31,604,100.0,100.0,97.0,2,35,1,643,643,72.0,3,21,317,100.0,100.0,95.9,25,1,340,340
Josh Myers,59992,C,NYJ,17,1,22,62.9,4,21,608,100.0,100.0,97.5,2,28,3,640,640,53.5,3,16,326,100.0,100.0,96.5,21,2,342,342
Armand Membou,125008,T,NYJ,17,2,22,73.8,1,24,607,100.0,100.0,96.6,4,33,8,639,639,68.8,0,19,326,100.0,100.0,94.9,26,7,342,342
DJ Glaze,129511,T,LV,17,2,23,63.3,6,32,600,100.0,100.0,95.2,2,48,10,639,639,55.5,6,27,306,100.0,100.0,92.0,41,8,332,332
Joe Tippmann,101568,G,NYJ,17,0,22,69.0,5,18,607,100.0,100.0,97.1,2,29,6,639,639,55.0,4,15,326,100.0,100.0,95.2,25,6,342,342
Damien Lewis,81532,G,CAR,17,1,5,79.3,3,12,595,100.0,100.0,98.6,2,16,1,638,638,72.3,2,9,282,100.0,100.0,97.7,12,1,310,310
Jermaine Eluemunor,11914,T,NYG,16,2,21,76.7,3,12,585,100.0,100.0,98.0,5,19,4,638,638,76.0,3,4,257,100.0,100.0,97.1,11,4,286,286
Quenton Nelson,12954,G,IND,17,0,14,73.2,2,12,593,100.0,100.0,98.7,0,15,1,637,637,55.2,2,10,256,100.0,100.0,97.3,13,1,277,277
Will Campbell,157106,T,NE,17,1,19,64.8,7,29,604,100.0,100.0,95.5,2,45,9,636,636,56.8,5,21,297,100.0,100.0,92.6,35,9,317,317
Ed Ingram,59819,G,HST,16,0,13,52.4,4,21,587,100.0,100.0,97.0,2,30,5,635,635,38.3,3,17,271,100.0,100.0,94.8,24,4,294,294
Olumuyiwa Fashanu,129777,T,NYJ,17,1,22,74.5,5,28,604,100.0,100.0,96.3,2,39,6,634,634,68.6,3,24,323,100.0,100.0,94.9,30,3,339,339
Tyler Booker,157001,G,DAL,14,1,9,62.4,6,16,575,100.0,100.0,97.6,4,25,3,631,631,59.8,3,10,252,100.0,100.0,96.6,15,2,285,285
Dylan Fairchild,146716,G,CIN,15,0,7,67.5,5,24,595,100.0,100.0,97.2,2,31,2,629,629,55.5,5,20,318,100.0,100.0,95.4,27,2,338,338
Elijah Wilkinson,46238,T,ATL,17,1,2,61.0,9,31,589,100.0,100.0,95.6,2,46,6,627,627,59.4,5,25,312,100.0,100.0,93.6,35,5,328,328
Ryan Neuzil,41123,C,ATL,17,0,2,59.3,4,9,589,100.0,100.0,98.7,2,14,1,627,627,60.0,3,4,312,100.0,100.0,98.6,8,1,328,328
Tyler Steen,81921,G,PHI,18,0,24,75.4,1,34,591,100.0,100.0,96.7,3,37,2,626,626,69.4,1,24,298,100.0,100.0,95.5,26,1,316,316
Josh Conerly Jr.,163291,T,WAS,17,4,32,57.8,3,32,565,100.0,100.0,95.5,6,43,8,624,624,47.1,3,21,232,100.0,100.0,91.8,31,7,262,262
Chris Lindstrom,46692,G,ATL,17,1,2,62.3,8,35,585,100.0,100.0,96.2,1,44,1,623,623,52.9,5,30,310,100.0,100.0,94.0,36,1,326,326
Rasheed Walker,81798,T,GB,17,2,12,69.3,3,32,588,100.0,100.0,96.2,5,40,5,621,621,69.4,1,21,259,100.0,100.0,93.8,27,5,274,274
Walker Little,52287,T,JAX,16,1,15,63.5,6,35,579,100.0,100.0,94.9,2,50,9,620,620,58.1,4,23,305,100.0,100.0,93.6,33,6,329,329
Dan Moore Jr.,60120,T,TEN,16,4,31,62.5,7,33,585,99.8,99.8,95.2,5,48,8,620,621,54.6,5,24,282,100.0,100.0,92.7,35,6,294,294
John Simpson,41715,G,NYJ,17,0,22,62.0,5,19,587,100.0,100.0,97.1,5,29,5,618,618,51.0,4,15,313,100.0,100.0,95.7,23,4,329,329
Robert Hainsey,59980,C,JAX,16,0,15,55.8,3,21,571,100.0,100.0,97.4,1,27,3,613,613,33.9,2,17,291,100.0,100.0,95.7,22,3,314,314
Will Fries,41530,G,MIN,17,0,18,62.9,4,30,574,100.0,100.0,96.5,2,37,3,612,612,44.0,3,25,276,100.0,100.0,93.8,31,3,295,295
Steve Avila,77319,G,LA,16,1,26,69.7,6,11,576,100.0,100.0,98.2,2,19,2,609,609,58.4,6,6,258,100.0,100.0,96.9,14,2,272,272
Jake Matthews,8641,T,ATL,17,0,2,82.4,9,24,572,99.8,99.8,96.1,1,39,6,609,610,76.0,8,19,306,100.0,100.0,94.0,32,5,321,321
Lloyd Cushenberry III,41924,C,TEN,15,1,31,65.5,4,15,570,100.0,100.0,97.3,2,25,6,608,608,66.6,2,9,282,100.0,100.0,96.3,16,5,296,296
Kevin Dotson,46735,G,LA,17,0,26,66.8,4,15,573,100.0,100.0,97.8,2,22,3,608,608,63.7,3,7,243,100.0,100.0,97.1,12,2,258,258
Taylor Moton,11819,T,CAR,16,0,5,78.0,4,16,565,100.0,100.0,97.7,2,23,3,605,605,74.1,3,12,272,100.0,100.0,96.1,18,3,297,297
Matt Goncalves,99680,G,IND,16,0,14,62.7,10,22,564,100.0,100.0,96.8,0,34,2,603,603,59.1,7,14,239,100.0,100.0,95.2,22,1,258,258
Jordan Mailata,66916,T,PHI,17,1,24,82.3,4,22,566,99.8,99.8,97.3,2,28,2,601,602,80.0,2,16,284,100.0,100.0,96.1,20,2,302,302
Penei Sewell,81788,T,DET,16,0,11,80.3,6,11,573,100.0,100.0,98.2,0,19,2,601,601,77.4,4,6,250,100.0,100.0,97.6,11,1,265,265
Kevin Zeitler,7032,G,TEN,16,0,31,75.4,2,10,553,100.0,100.0,98.2,2,16,4,590,590,66.6,1,9,276,100.0,100.0,96.7,14,4,288,288
Bernhard Raimann,77948,T,IND,16,2,14,78.9,2,21,549,99.8,99.8,96.4,5,31,8,590,591,74.1,1,16,229,100.0,100.0,93.7,23,6,247,247
Jonah Savaiinaea,158742,G,MIA,17,0,17,14.1,5,32,549,100.0,100.0,95.2,2,45,8,579,579,0.0,2,28,182,100.0,100.0,88.5,36,6,188,188
Patrick Paul,101019,T,MIA,17,2,17,74.4,2,19,548,100.0,100.0,97.4,2,25,4,578,578,59.4,2,13,182,100.0,100.0,93.7,19,4,188,188
Spencer Brown,42296,T,BUF,16,0,4,61.7,5,33,546,100.0,100.0,96.0,3,41,3,578,578,55.6,3,21,250,100.0,100.0,94.0,27,3,269,269
Tyler Biadasz,41178,C,WAS,16,0,32,67.1,0,18,521,100.0,100.0,97.7,1,21,3,571,571,68.5,0,8,213,100.0,100.0,97.2,10,2,240,240
Tanor Bortolini,129915,C,IND,16,0,14,66.2,5,12,526,100.0,100.0,98.4,1,17,0,566,566,50.8,3,11,224,100.0,100.0,96.9,14,0,242,242
Paris Johnson Jr.,129749,T,ARZ,12,1,1,77.1,8,21,527,100.0,100.0,96.3,5,34,5,565,565,70.9,7,14,251,100.0,100.0,94.6,24,3,269,269
Patrick Mekari,46219,G,JAX,15,1,15,52.9,3,29,526,100.0,100.0,96.6,4,34,2,561,561,44.3,3,24,271,100.0,100.0,94.3,29,2,290,290
Ikem Ekwonu,98286,T,CAR,16,2,5,66.4,6,29,518,100.0,100.0,95.7,4,40,5,556,556,56.9,3,20,233,100.0,100.0,92.9,28,5,256,256
Dylan Parham,60953,G,LV,15,0,23,62.3,5,17,517,100.0,100.0,96.7,2,28,6,552,552,56.4,5,10,266,100.0,100.0,95.7,19,4,289,289
Taylor Decker,10650,T,DET,14,1,11,69.5,3,28,525,100.0,100.0,96.7,2,33,2,551,551,62.6,2,20,233,100.0,100.0,94.4,24,2,248,248
Aaron Brewer,46014,C,MIA,16,3,17,71.2,1,10,520,100.0,100.0,98.7,6,12,1,549,549,58.5,1,4,175,100.0,100.0,98.0,6,1,181,181
Charles Cross,98401,T,SEA,17,1,29,79.2,4,22,517,100.0,100.0,97.1,2,28,2,548,548,74.7,1,14,220,100.0,100.0,96.1,16,1,232,232
Cesar Ruiz,59857,G,NO,14,0,20,73.1,2,14,508,100.0,100.0,97.8,1,19,3,546,546,60.9,1,13,258,100.0,100.0,96.1,17,3,279,279
Warren McClendon Jr.,99081,T,LA,13,0,26,69.1,3,18,508,100.0,100.0,97.5,0,23,2,542,542,62.7,1,15,238,100.0,100.0,96.2,17,1,254,254
Isaiah Adams,158192,G,ARZ,14,1,1,65.6,0,21,506,100.0,100.0,97.5,2,23,2,539,539,61.0,0,16,259,100.0,100.0,96.5,17,1,280,280
Evan Brown,38709,G,ARZ,11,0,1,60.2,5,28,503,100.0,100.0,96.5,3,34,1,539,539,47.1,5,17,244,100.0,100.0,95.5,22,0,260,260
Tyler Linderbaum,82291,C,BLT,17,2,3,63.4,1,23,501,100.0,100.0,97.2,2,26,2,536,536,61.2,1,13,219,100.0,100.0,96.3,15,1,235,235
Roger Rosengarten,131912,T,BLT,17,1,3,73.4,4,21,501,100.0,100.0,96.9,2,28,3,536,536,73.3,2,15,219,100.0,100.0,95.2,19,2,235,235
Daniel Faalele,81734,G,BLT,17,2,3,60.1,3,23,500,100.0,100.0,96.6,2,30,4,535,535,50.8,1,18,219,100.0,100.0,93.8,23,4,235,235
Chris Paul,77579,G,WAS,16,0,32,78.2,2,13,485,100.0,100.0,98.0,1,17,2,535,535,68.0,2,10,187,100.0,100.0,96.3,13,1,211,211
Taliese Fuaga,131732,T,NO,13,2,20,66.2,5,19,494,100.0,100.0,96.8,4,28,4,530,530,63.7,2,12,234,100.0,100.0,95.3,18,4,253,253
Cam Jurgens,84014,C,PHI,15,1,24,62.1,1,10,491,100.0,100.0,98.9,3,11,0,522,522,62.6,1,7,244,100.0,100.0,98.4,8,0,260,260
Matthew Bergeron,99658,G,ATL,15,0,2,65.7,7,20,490,100.0,100.0,97.0,1,28,1,519,519,58.6,6,16,265,100.0,100.0,95.5,23,1,278,278
Ethan Pocic,11813,C,CLV,13,0,8,62.2,3,9,481,100.0,100.0,98.3,1,14,2,518,518,55.9,1,8,256,100.0,100.0,97.9,10,1,277,277
Graham Glasgow,10729,C,DET,14,0,11,61.3,8,10,495,100.0,100.0,98.0,1,19,1,517,517,42.1,5,6,211,100.0,100.0,96.9,12,1,222,222
Jawaan Taylor,41665,T,KC,12,3,16,67.3,5,12,479,100.0,100.0,97.6,8,20,3,517,517,58.6,4,9,178,100.0,100.0,94.7,16,3,203,203
Andrew Vorhees,60818,G,BLT,17,0,3,53.1,8,17,479,100.0,100.0,96.8,1,28,3,513,513,42.7,5,7,210,100.0,100.0,95.7,15,3,226,226
JC Latham,146596,T,TEN,13,1,31,68.0,1,24,482,100.0,100.0,95.7,5,33,8,511,511,66.1,1,17,238,100.0,100.0,93.7,24,6,247,247
Sean Rhyan,72009,C,GB,16,1,12,42.4,8,20,480,100.0,100.0,96.9,1,29,1,508,508,45.6,5,13,211,100.0,100.0,95.7,18,0,225,225
Jalen Sundell,91396,C,SEA,16,1,29,61.6,3,15,476,100.0,100.0,97.9,2,19,1,508,508,48.0,1,13,197,100.0,100.0,95.9,15,1,206,206
Landon Dickerson,41712,G,PHI,16,0,24,62.0,7,21,478,100.0,100.0,96.0,0,33,5,506,506,52.4,5,13,235,100.0,100.0,94.0,23,5,249,249
Isaac Seumalo,10713,G,PIT,15,0,25,76.4,4,12,476,100.0,100.0,97.5,0,20,4,504,504,57.8,4,11,188,100.0,100.0,93.9,19,4,203,203
Dalton Risner,47008,G,CIN,14,0,7,71.5,4,11,475,100.0,100.0,98.0,0,17,2,503,503,72.0,3,8,245,100.0,100.0,97.3,12,1,261,261
Laremy Tunsil,10647,T,WAS,14,2,32,88.9,2,11,444,100.0,100.0,98.1,4,15,2,490,490,84.7,0,9,189,100.0,100.0,97.1,10,1,213,213
Mekhi Becton,59818,G,LAC,15,1,27,47.8,7,29,470,100.0,100.0,95.5,2,39,3,489,489,37.4,3,24,226,100.0,100.0,92.7,30,3,239,239
Wyatt Teller,46131,G,CLV,13,0,8,53.1,1,20,451,100.0,100.0,97.0,2,24,3,488,488,49.4,1,14,240,100.0,100.0,95.6,18,3,260,260
Cooper Beebe,99434,C,DAL,11,0,9,63.7,3,12,442,100.0,100.0,98.1,0,16,1,484,484,56.4,2,4,194,100.0,100.0,97.9,7,1,218,218
Aaron Banks,59983,G,GB,15,0,12,54.2,3,24,460,100.0,100.0,96.6,2,29,2,484,484,44.8,3,17,203,100.0,100.0,94.1,22,2,213,213
Cade Mays,81995,C,CAR,14,0,5,67.6,4,9,443,100.0,100.0,98.5,0,13,0,476,476,49.8,4,6,200,100.0,100.0,97.5,10,0,221,221
Tristan Wirfs,64818,T,TB,12,1,30,84.9,4,17,441,99.8,99.8,97.2,2,23,2,474,475,79.9,3,14,208,100.0,100.0,95.9,17,0,227,227
Jordan Morgan,98652,G,GB,15,0,12,68.8,2,19,445,100.0,100.0,96.7,0,25,4,473,473,59.5,2,10,194,100.0,100.0,95.4,15,3,206,206
Cam Robinson,11789,T,CLV,14,4,8,56.2,11,21,443,100.0,100.0,94.6,6,40,8,472,472,46.2,8,18,245,100.0,100.0,91.8,33,7,264,264
Braden Smith,46794,T,IND,13,2,14,71.9,6,19,437,100.0,100.0,96.9,3,26,1,471,471,69.8,4,12,187,100.0,100.0,95.7,16,0,202,202
Donovan Jackson,145064,G,MIN,14,0,18,65.7,5,19,440,100.0,100.0,96.8,2,26,2,468,468,62.8,2,12,204,100.0,100.0,95.6,16,2,217,217
John Michael Schmitz Jr.,55238,C,NYG,13,0,21,60.9,1,12,431,100.0,100.0,98.3,1,14,1,466,466,51.5,0,9,192,100.0,100.0,97.1,10,1,212,212
Stone Forsythe,41795,T,LV,14,1,23,53.6,5,24,437,100.0,100.0,94.2,3,40,11,465,465,44.6,4,21,214,100.0,100.0,90.9,32,7,234,234
Michael Jordan,28021,G,TB,11,1,30,71.0,2,21,427,100.0,100.0,96.8,1,25,2,464,464,57.6,2,18,209,100.0,100.0,94.7,21,1,228,228
Trey Smith,62960,G,KC,12,0,16,75.1,2,13,427,100.0,100.0,98.0,0,16,1,459,459,64.9,2,9,158,100.0,100.0,95.9,12,1,178,178
Cole Strange,22976,G,MIA,14,0,17,42.2,3,16,435,100.0,100.0,97.4,1,21,2,457,457,34.1,1,11,138,100.0,100.0,94.2,14,2,142,142
Kelvin Beachum,7229,T,ARZ,14,0,1,54.6,3,40,428,100.0,100.0,93.8,1,48,5,451,451,48.0,3,31,214,100.0,100.0,91.1,36,2,226,226
Andrew Thomas,59701,T,NYG,13,1,21,87.2,2,10,415,100.0,100.0,98.3,2,13,1,448,448,80.9,0,7,189,100.0,100.0,98.1,7,0,206,206
Ronnie Stanley,10640,T,BLT,16,2,3,72.8,4,20,416,100.0,100.0,96.2,5,28,4,447,447,59.5,2,13,177,100.0,100.0,93.5,19,4,192,192
Brian O'Neill,46854,T,MIN,14,0,18,76.4,1,18,420,100.0,100.0,97.3,0,21,2,446,446,76.9,1,13,203,100.0,100.0,96.1,15,1,214,214
Luke Fortner,42028,C,NO,12,0,20,72.5,0,8,418,100.0,100.0,98.3,0,11,3,442,442,60.8,0,6,214,100.0,100.0,97.2,9,3,226,226
Jordan Meredith,60235,C,LV,11,2,23,48.5,2,14,410,100.0,100.0,97.1,3,20,4,439,439,41.3,1,12,213,100.0,100.0,95.1,17,4,234,234
Dillon Radunz,30551,G,NO,11,1,20,64.3,2,20,408,100.0,100.0,97.1,4,23,1,438,438,64.1,2,14,204,100.0,100.0,95.6,17,1,219,219
Trey Pipkins III,91462,T,LAC,12,0,27,60.7,3,23,396,100.0,100.0,95.7,2,30,4,421,421,48.9,3,17,177,100.0,100.0,92.7,23,3,197,197
Tyler Guyton,123076,T,DAL,10,0,9,50.0,6,23,384,100.0,100.0,95.7,3,31,2,418,418,40.0,4,16,165,100.0,100.0,92.7,22,2,187,187
Luke Goedeke,77548,T,TB,11,1,30,78.9,0,22,384,100.0,100.0,97.1,3,22,0,416,416,73.5,0,19,188,100.0,100.0,94.9,19,0,205,205
Austin Corbett,46290,G,CAR,13,0,5,56.2,1,12,393,100.0,100.0,97.6,1,16,3,415,415,40.5,1,12,192,100.0,100.0,95.6,15,2,208,208
KT Leveston,77487,T,CLV,13,1,8,43.3,9,18,392,100.0,99.8,95.0,4,33,6,413,414,42.7,7,14,220,100.0,99.6,93.9,24,3,231,232
Christian Mahogany,98261,G,DET,11,0,11,40.7,5,16,391,100.0,100.0,95.8,0,27,6,407,407,19.1,4,13,174,100.0,100.0,93.4,20,3,184,184
Alex Palczewski,59738,G,DEN,15,1,10,53.5,3,17,382,99.7,99.8,97.1,1,21,1,405,406,52.0,1,13,166,100.0,100.0,95.2,15,1,175,175
Larry Borom,59879,T,MIA,13,0,17,67.1,3,10,380,100.0,100.0,97.8,3,15,2,404,404,60.5,2,8,126,100.0,100.0,94.4,12,2,132,132
Dan Feeney,11826,G,TB,10,1,30,60.1,1,16,369,100.0,100.0,96.6,1,21,4,399,399,45.3,1,15,177,100.0,100.0,93.8,19,3,193,193
Blake Brandel,46282,C,MIN,14,1,18,67.6,6,10,370,100.0,100.0,97.0,3,19,3,395,395,55.7,6,7,183,100.0,100.0,95.4,15,2,197,197
Jonah Williams,41651,T,ARZ,9,0,1,53.5,5,13,364,100.0,100.0,96.4,2,22,4,391,391,43.1,5,10,161,100.0,100.0,92.9,19,4,176,176
Fred Johnson,46951,T,PHI,14,0,24,65.5,0,17,361,99.7,99.7,97.1,2,19,2,386,387,56.6,0,15,175,100.0,100.0,94.6,17,2,187,187
Ben Bredeson,27305,G,TB,11,0,30,77.0,0,19,356,100.0,100.0,97.1,0,20,1,384,384,72.4,0,15,165,100.0,100.0,94.8,16,1,181,181
Broderick Jones,124025,T,PIT,11,0,25,59.0,6,11,356,100.0,100.0,95.9,1,23,6,380,380,41.1,6,9,132,100.0,100.0,92.0,18,3,145,145
Ben Powers,41482,G,DEN,10,0,10,63.3,1,14,361,100.0,100.0,97.9,1,15,0,379,379,45.3,1,13,161,100.0,100.0,95.7,14,0,168,168
Josh Simmons,88924,T,KC,8,2,16,75.5,2,14,337,100.0,100.0,97.0,5,18,2,367,367,68.1,2,7,130,100.0,100.0,95.8,10,1,151,151
Justin Skule,38951,T,MIN,12,0,18,63.2,6,16,331,100.0,100.0,94.6,2,29,7,356,356,65.7,4,8,154,100.0,100.0,92.9,17,5,168,168
Cole Van Lanen,41583,T,JAX,12,0,15,76.9,5,16,329,100.0,100.0,96.5,2,22,1,352,352,77.0,3,11,169,100.0,100.0,95.9,14,0,185,185
Zach Tom,55443,T,GB,12,1,12,78.5,1,15,334,100.0,100.0,97.6,1,16,0,351,351,76.1,1,9,153,100.0,100.0,96.7,10,0,159,159
Justin Dedich,83018,G,LA,8,1,26,40.0,5,17,326,100.0,100.0,96.3,2,23,1,349,349,27.4,4,14,160,100.0,100.0,93.7,19,1,171,171
Alex Cappa,66578,C,LV,12,0,23,57.6,4,14,326,99.7,99.7,95.7,0,23,5,349,350,42.1,3,12,176,100.0,100.0,93.5,19,4,191,191
Trevor Penning,59963,G,LAC,11,1,27,52.5,0,21,321,99.7,99.7,95.2,4,26,5,345,346,39.3,0,16,145,100.0,100.0,92.4,19,3,157,157
Austin Deculus,59821,T,LAC,12,1,27,33.1,11,19,325,100.0,100.0,93.2,2,37,7,342,342,39.4,6,12,143,100.0,100.0,91.6,21,3,151,151
Spencer Burford,81920,G,SF,11,1,28,44.6,3,26,329,100.0,100.0,95.0,1,31,2,341,341,33.7,3,21,185,100.0,100.0,93.0,25,1,189,189
Ozzy Trapilo,123552,T,CHI,12,0,6,70.3,5,14,317,100.0,99.7,96.1,0,22,3,335,336,51.1,4,12,138,100.0,100.0,92.0,19,3,149,149
Theo Benedet,169632,T,CHI,17,0,6,55.8,1,23,313,98.1,98.2,95.5,1,26,2,334,340,41.8,0,18,131,98.5,98.6,92.4,19,1,140,142
Jalen Rivers,122221,G,CIN,11,0,7,23.8,4,21,306,100.0,100.0,95.3,0,27,2,328,328,18.7,3,17,158,100.0,100.0,92.4,22,2,166,166
Christian Darrisaw,77373,T,MIN,10,1,18,71.8,4,12,305,100.0,100.0,96.7,1,18,2,325,325,68.2,3,8,151,100.0,100.0,95.7,12,1,161,161
Sam Cosmi,60114,G,WAS,9,0,32,73.0,0,9,305,100.0,100.0,97.9,0,11,2,325,325,66.4,0,5,116,100.0,100.0,96.1,7,2,126,126
Trent Brown,9677,T,HST,8,0,13,66.0,4,7,301,100.0,100.0,97.8,1,12,1,323,323,66.5,3,5,139,100.0,100.0,96.4,9,1,146,146
Bobby Hart,9659,T,LAC,9,0,27,57.4,2,17,310,100.0,100.0,96.3,0,21,2,322,322,53.3,1,12,149,100.0,100.0,94.3,15,2,153,153
Jamaree Salyer,81656,T,LAC,11,0,27,68.8,4,14,302,100.0,100.0,95.7,2,22,4,318,318,66.8,3,10,145,100.0,100.0,94.1,15,2,157,157
Elgton Jenkins,46298,C,GB,9,0,12,72.5,2,6,293,100.0,100.0,98.0,0,10,2,310,310,66.1,2,3,124,100.0,100.0,97.2,6,1,132,132
Anthony Belton,143985,G,GB,10,0,12,44.4,4,25,292,100.0,100.0,95.0,1,29,0,307,307,43.9,2,14,129,100.0,100.0,93.8,16,0,135,135
Charlie Heck,36501,T,TB,12,0,30,48.0,0,29,264,100.0,100.0,93.4,0,32,3,289,289,26.9,0,25,120,100.0,100.0,87.9,27,2,133,133
Brock Hoffman,54535,C,DAL,9,0,9,58.4,4,7,267,100.0,100.0,97.6,0,12,1,285,285,58.4,3,3,114,100.0,100.0,96.5,7,1,127,127
Connor Colby,144862,G,SF,9,0,28,33.7,6,11,266,100.0,100.0,95.7,0,20,3,281,281,21.9,5,8,124,100.0,100.0,93.1,15,2,128,128
Erik McCoy,37347,C,NO,7,1,20,84.1,1,2,253,100.0,100.0,99.4,2,3,0,276,276,79.4,1,2,114,100.0,100.0,98.7,3,0,127,127
Will Hernandez,46180,G,ARZ,7,0,1,47.1,5,12,253,100.0,100.0,95.8,0,19,2,268,268,42.9,3,7,117,100.0,100.0,94.9,11,1,122,122
Lane Johnson,7786,T,PHI,10,0,24,80.4,0,7,251,100.0,100.0,98.6,2,7,0,262,262,81.2,0,6,127,100.0,100.0,97.6,6,0,134,134
Jarrett Patterson,81775,G,HST,8,0,13,64.6,0,13,243,100.0,100.0,97.3,0,13,0,260,260,71.1,0,5,105,100.0,100.0,97.6,5,0,113,113
Mike Caliendo,41446,G,KC,8,1,16,42.7,4,15,241,100.0,100.0,95.2,2,21,2,259,259,15.2,4,11,111,100.0,100.0,91.4,17,2,121,121
Jaylon Moore,43678,T,KC,12,0,16,57.1,2,22,243,100.0,100.0,93.8,0,27,3,257,257,45.7,2,17,102,100.0,100.0,88.7,21,2,107,107
Rob Havenstein,9490,T,LA,7,0,26,45.2,6,15,243,100.0,100.0,95.3,0,22,1,255,255,31.5,4,13,96,100.0,100.0,90.1,18,1,100,100
Jon Gaines II,81879,G,ARZ,9,1,1,53.9,2,10,222,100.0,100.0,95.9,2,15,3,234,234,49.8,0,9,118,100.0,100.0,93.6,12,3,128,128
Dylan Cook,91689,T,PIT,6,0,25,79.4,4,3,214,100.0,100.0,97.4,0,9,2,226,226,69.9,3,2,84,100.0,100.0,95.8,6,1,86,86
Jack Conklin,10642,T,CLV,8,0,8,44.8,3,17,204,100.0,100.0,93.1,2,24,4,224,224,40.2,2,14,103,100.0,100.0,89.3,19,3,114,114
Brandon Coleman,123068,T,WAS,9,0,32,62.9,1,10,200,99.5,99.5,97.2,1,11,0,221,222,48.8,1,6,87,100.0,100.0,96.0,7,0,98,98
Nathan Thomas,98390,T,DAL,7,0,9,31.6,4,16,201,100.0,100.0,93.5,3,23,3,219,219,17.4,4,9,92,100.0,100.0,89.7,16,3,101,101
Juice Scruggs,81800,G,HST,10,0,13,57.7,2,9,202,100.0,100.0,97.3,0,11,0,218,218,48.1,2,6,84,100.0,100.0,95.2,8,0,92,92
Asim Richards,99674,T,NO,9,1,20,53.2,4,17,204,99.5,99.5,93.9,1,23,2,218,219,39.8,3,14,108,100.0,100.0,90.3,19,2,116,116
Austin Schlottmann,30097,C,NYG,7,0,21,77.0,0,3,194,100.0,100.0,99.2,0,3,0,212,212,66.2,0,2,85,100.0,100.0,98.8,2,0,94,94
Olisaemeka Udoh,28394,T,TEN,13,1,31,55.0,5,11,191,100.0,100.0,94.2,2,19,3,211,211,51.1,3,9,85,100.0,100.0,90.6,14,2,93,93
Brett Toth,46848,G,PHI,10,0,24,59.7,1,10,199,100.0,100.0,96.2,0,13,2,211,211,47.9,1,7,102,100.0,100.0,94.1,10,2,109,109
Jackson Powers-Johnson,146550,G,LV,7,1,23,59.6,2,6,196,100.0,100.0,96.9,3,10,2,210,210,45.4,2,4,90,100.0,100.0,94.4,8,2,99,99
T.J. Bass,131703,G,DAL,9,0,9,62.9,0,4,199,100.0,100.0,99.0,0,4,0,209,209,59.5,0,4,86,100.0,100.0,97.7,4,0,93,93
Marcus Mbow,145113,T,NYG,7,1,21,47.8,11,12,195,99.5,99.5,92.6,1,26,3,209,210,52.1,7,6,87,100.0,100.0,91.4,14,1,97,97
Joe Alt,147481,T,LAC,6,0,27,82.3,2,4,184,100.0,100.0,97.8,0,7,1,194,194,90.7,1,0,76,100.0,100.0,99.3,1,0,83,83
Andrew Wylie,12333,G,WAS,8,1,32,63.5,3,5,164,100.0,100.0,97.0,2,9,1,194,194,43.4,3,2,67,100.0,100.0,94.8,6,1,80,80
Cornelius Lucas,9025,T,CLV,7,2,8,36.9,8,18,178,100.0,99.5,91.0,3,29,3,193,194,36.2,4,11,89,100.0,100.0,89.3,17,2,97,97
Josh Fryar,129746,T,ARZ,9,0,1,56.7,3,9,182,98.4,98.5,94.5,1,16,4,192,195,53.3,3,8,102,100.0,100.0,91.7,14,3,108,108
Ryan Kelly,10652,C,MIN,8,0,18,77.7,0,3,179,100.0,100.0,98.6,0,4,1,191,191,76.7,0,2,89,100.0,100.0,97.8,3,1,92,92
Yosh Nijman,60822,T,CAR,7,0,5,48.6,1,25,181,100.0,100.0,91.7,0,28,2,191,191,37.1,0,20,89,100.0,100.0,86.5,22,2,97,97
Laken Tomlinson,9461,G,HST,7,0,13,55.4,3,5,171,100.0,100.0,95.9,0,11,3,186,186,38.1,2,5,86,100.0,100.0,92.4,10,3,94,94
Esa Pole,174220,T,KC,5,0,16,60.9,4,10,177,100.0,100.0,95.5,0,15,1,186,186,58.0,1,9,86,100.0,100.0,94.2,10,0,89,89
Teven Jenkins,41534,G,CLV,12,0,8,60.8,2,12,179,100.0,100.0,96.1,0,14,0,186,186,63.8,0,9,101,100.0,100.0,95.5,9,0,105,105
Spencer Anderson,81719,G,PIT,17,0,25,61.9,2,8,173,93.5,93.9,97.1,1,10,0,184,196,45.0,1,4,52,98.1,98.1,95.2,5,0,53,54
Caleb Rogers,123157,G,LV,6,0,23,59.4,3,5,171,100.0,100.0,95.9,0,11,3,179,179,46.6,1,5,87,100.0,100.0,93.1,9,3,91,91
Michael Jurgens,77345,C,MIN,8,0,18,61.3,2,3,165,100.0,100.0,96.1,0,9,4,177,177,45.6,0,3,80,100.0,100.0,93.1,7,4,87,87
Vederian Lowe,59741,T,NE,8,0,19,67.1,2,12,165,100.0,100.0,95.2,0,15,1,176,176,70.8,2,7,89,100.0,100.0,93.8,10,1,98,98
Jalen Travis,155412,T,IND,9,0,14,71.2,3,8,165,100.0,100.0,96.1,1,12,1,175,175,66.9,2,4,71,100.0,100.0,95.8,6,0,77,77
Austin Jackson,60816,T,MIA,6,1,17,73.3,2,5,169,100.0,100.0,97.3,1,8,1,175,175,64.6,2,4,56,100.0,100.0,94.6,6,0,56,56
Kayode Awosika,44909,G,DET,7,1,11,52.5,1,6,160,100.0,100.0,95.9,1,10,3,168,168,32.8,1,4,67,100.0,100.0,91.8,8,3,70,70
Ben Brown,59869,G,NE,7,1,19,58.9,2,8,153,99.4,99.4,96.7,2,10,0,165,166,41.8,2,7,68,100.0,100.0,93.4,9,0,76,76
Luke Wypler,129764,C,CLV,9,1,8,74.0,2,3,157,98.7,98.8,98.4,1,5,0,165,167,75.9,1,1,83,98.8,98.9,98.8,2,0,86,87
Nick Allegretti,39268,G,WAS,5,0,32,46.6,2,5,141,100.0,100.0,96.8,2,8,1,160,160,35.0,2,4,68,100.0,100.0,94.1,7,1,78,78
Olusegun Oluwatimi,98581,C,SEA,7,0,29,44.1,0,8,149,100.0,100.0,97.3,0,8,0,156,156,59.9,0,4,65,100.0,100.0,96.9,4,0,70,70
Kolton Miller,47013,T,LV,4,0,23,89.8,1,3,143,100.0,100.0,98.6,0,4,0,152,152,87.3,0,2,83,100.0,100.0,98.8,2,0,88,88
Luke Haggard,129442,G,TB,5,0,30,58.2,0,3,139,100.0,100.0,98.9,2,3,0,152,152,45.5,0,3,63,100.0,100.0,97.6,3,0,72,72
Brady Christensen,51985,G,CAR,5,0,5,74.7,2,2,141,100.0,100.0,97.9,0,5,1,152,152,56.0,2,2,59,100.0,100.0,94.9,5,1,65,65
Ryan Van Demark,55113,T,BUF,7,1,4,65.6,1,6,141,100.0,100.0,96.1,1,9,2,147,147,59.4,0,4,40,100.0,100.0,90.0,6,2,42,42
Darian Kinnard,51789,T,GB,15,0,12,58.6,2,8,132,97.8,97.9,95.5,1,11,1,142,145,50.1,1,7,52,98.1,98.2,90.4,9,1,56,57
Kyren Williams,97118,HB,LA,20,1,26,64.7,0,10,132,24.9,25.3,95.5,1,11,1,142,562,33.5,0,9,48,19.4,20.5,90.6,9,0,54,263
Braxton Jones,60092,T,CHI,4,0,6,62.7,2,11,126,100.0,100.0,93.3,1,15,2,136,136,62.2,1,8,58,100.0,100.0,90.5,10,1,62,62
Chandler Zavala,144009,G,CAR,6,0,5,32.4,2,5,124,100.0,100.0,95.6,1,9,2,135,135,22.6,1,3,52,100.0,100.0,92.3,6,2,58,58
Chukwuebuka Godrick,169778,T,KC,4,0,16,70.5,1,5,122,100.0,100.0,96.7,3,7,1,129,129,65.4,1,4,58,100.0,100.0,94.0,6,1,61,61
Blake Fisher,147479,T,HST,16,0,13,59.5,2,4,118,100.0,100.0,96.6,2,7,1,124,124,69.2,0,2,26,100.0,100.0,96.2,2,0,29,29
Javonte Williams,77803,HB,DAL,16,0,9,66.5,0,4,113,24.9,25.3,96.5,0,6,2,124,491,48.1,0,3,44,22.9,24.2,92.0,5,2,51,211
Robert Hunt,46139,G,CAR,3,0,5,57.5,0,3,117,100.0,100.0,97.9,0,4,1,123,123,62.7,0,3,68,100.0,100.0,97.8,3,0,73,73
Will Sherman,59662,G,NO,5,0,20,43.7,0,8,114,100.0,100.0,95.6,0,9,1,120,120,42.8,0,4,53,100.0,100.0,94.3,5,1,54,54
Jonah Monheim,86461,C,JAX,5,0,15,61.7,0,7,114,100.0,100.0,96.1,0,8,1,119,119,56.5,0,5,67,100.0,100.0,94.8,6,1,72,72
Josh Jones,26634,T,SEA,9,0,29,71.9,0,7,110,100.0,100.0,95.0,0,9,2,118,118,60.5,0,4,43,100.0,100.0,90.7,6,2,45,45
Alex Forsyth,60012,C,DEN,3,0,10,59.7,1,5,115,100.0,100.0,96.5,0,7,1,117,117,37.3,1,4,51,100.0,100.0,93.1,6,1,52,52
Dan Skipper,12307,T,DET,10,0,11,69.3,0,4,113,97.4,96.6,97.3,1,5,1,115,119,78.3,0,2,35,100.0,100.0,97.1,2,0,35,35
Rhamondre Stevenson,98689,HB,NE,18,1,19,69.9,1,5,108,23.9,23.4,97.2,1,6,0,112,478,68.6,1,2,53,21.2,20.8,97.2,3,0,56,269
Corey Levin,11972,C,TEN,8,0,31,74.0,0,4,103,98.1,98.2,98.1,0,4,0,109,111,60.8,0,3,41,100.0,100.0,96.3,3,0,42,42
Kyle Hinton,83163,G,ATL,3,1,2,71.0,0,3,99,100.0,100.0,98.5,1,3,0,108,108,70.6,0,1,47,100.0,100.0,98.9,1,0,50,50
Torricelli Simpkins III,150473,G,NO,4,0,20,9.6,2,10,101,100.0,100.0,94.1,1,12,0,108,108,0.0,1,8,43,100.0,100.0,89.5,9,0,48,48
Saquon Barkley,45791,HB,PHI,17,1,24,44.4,2,4,100,22.3,22.4,95.0,2,8,2,106,474,55.4,0,2,54,24.3,24.4,94.4,4,2,57,234
Kion Smith,136103,G,MIA,4,1,17,50.3,1,2,98,100.0,100.0,98.5,2,3,0,105,105,33.5,1,1,40,100.0,100.0,97.5,2,0,42,42
Adam Trautman,109795,TE,DEN,19,1,10,70.7,1,3,96,28.4,29.0,96.9,4,5,1,104,359,62.4,0,0,24,23.5,22.9,100.0,0,0,24,105
Trystan Colon,41117,G,DET,5,0,11,34.4,4,5,100,100.0,100.0,94.5,0,10,1,103,103,51.8,1,3,44,100.0,100.0,93.2,5,1,46,46
Woody Marks,124179,HB,HST,18,0,13,48.9,0,6,96,25.4,25.1,94.8,0,8,2,102,406,30.0,0,5,38,21.0,21.6,90.8,6,1,42,194
Foster Sarell,52272,G,LAC,4,0,27,32.6,1,13,99,100.0,100.0,91.9,0,15,1,102,102,35.4,1,8,40,100.0,100.0,88.7,9,0,41,41
Will Putnam,99655,C,LV,5,0,23,20.0,2,6,99,100.0,100.0,91.9,1,12,4,101,101,15.9,1,4,53,100.0,100.0,89.6,8,3,55,55
Ben Bartch,84236,G,SF,6,0,28,65.4,0,4,91,100.0,100.0,97.8,0,4,0,100,100,59.7,0,3,42,100.0,100.0,96.4,3,0,48,48
Dawand Jones,101550,T,CLV,3,2,8,47.1,2,6,94,100.0,100.0,95.7,3,8,0,99,99,37.6,1,4,44,100.0,100.0,94.3,5,0,45,45
Kimani Vidal,123727,HB,LAC,14,0,27,55.5,1,8,96,28.3,27.7,94.3,1,10,1,97,350,42.2,0,5,35,23.0,22.8,92.9,5,0,36,158
Ben Chukwuma,123850,T,TB,4,0,30,59.9,0,5,89,100.0,100.0,96.1,1,6,1,97,97,75.3,0,2,43,100.0,100.0,95.3,3,1,48,48
AJ Barner,129433,TE,SEA,20,1,29,67.3,0,5,89,17.1,16.8,96.1,3,6,1,93,553,72.0,0,0,24,10.6,10.5,95.8,1,1,25,238
Charlie Woerner,42257,TE,ATL,17,0,2,58.3,1,7,85,40.3,41.0,95.3,0,8,0,93,227,45.7,0,3,20,28.2,27.6,92.5,3,0,21,76
Kingsley Eguakun,98248,C,CLV,2,0,8,62.7,0,3,88,100.0,100.0,97.2,0,4,1,93,93,49.6,0,1,41,100.0,100.0,96.3,2,1,44,44
Atonio Mafi,82449,G,LV,3,0,23,52.8,1,2,85,100.0,100.0,95.9,2,5,2,91,91,31.9,1,2,36,100.0,100.0,90.3,5,2,40,40
Cody Mauch,66637,G,TB,2,0,30,66.4,0,2,82,100.0,100.0,97.6,1,3,1,90,90,57.2,0,2,43,100.0,100.0,95.3,3,1,46,46
Joe Noteboom,46249,T,BLT,4,0,3,34.1,3,10,84,100.0,100.0,91.1,0,14,1,88,88,26.7,3,7,42,100.0,100.0,88.1,10,0,43,43
Matt Hennessy,41141,C,SF,3,0,28,63.4,1,3,86,100.0,100.0,97.7,0,4,0,88,88,70.8,0,1,44,100.0,100.0,98.9,1,0,45,45
Ashton Jeanty,157196,HB,LV,17,0,23,34.1,1,8,85,19.2,18.9,91.2,0,12,3,88,466,42.5,1,4,32,16.1,15.5,89.1,6,1,33,213
Colby Parkinson,52266,TE,LA,18,1,26,49.7,2,3,81,20.7,20.9,96.9,1,5,0,86,412,10.4,0,0,1,0.7,0.7,100.0,0,0,1,152
Dalton Tucker,81717,G,IND,6,0,14,15.3,1,5,79,100.0,100.0,93.7,1,8,2,86,86,38.5,0,2,41,100.0,100.0,95.1,3,1,45,45
Travis Etienne Jr.,57185,HB,JAX,18,0,15,68.0,1,4,81,21.9,21.2,96.9,0,5,0,83,391,67.8,0,1,28,18.4,17.7,98.2,1,0,29,164
Bijan Robinson,123126,HB,ATL,17,0,2,30.4,2,9,77,15.1,15.3,90.3,0,13,2,83,543,31.8,0,7,38,13.7,14.5,90.8,7,0,42,290
Jahmyr Gibbs,122474,HB,DET,17,0,11,50.5,1,12,76,17.2,17.5,90.1,0,14,1,81,463,29.1,1,7,31,14.8,14.9,83.9,9,1,33,221
Andrus Peat,9446,T,PIT,5,0,25,59.1,1,1,78,100.0,100.0,98.7,1,2,0,81,81,32.0,1,1,28,100.0,100.0,96.4,2,0,29,29
Cole Kmet,60995,TE,CHI,18,0,6,70.2,0,4,76,16.2,16.1,97.4,0,4,0,80,498,57.3,0,0,9,5.4,5.6,100.0,0,0,10,180
Rachaad White,131633,HB,TB,17,0,30,58.2,0,5,73,19.5,19.6,95.2,0,6,1,80,408,43.4,0,5,41,20.8,21.6,91.5,6,1,47,218
Jonathan Taylor,57488,HB,IND,17,0,14,58.6,0,8,73,15.1,15.4,93.2,1,9,1,80,520,54.7,0,6,32,15.2,15.2,87.5,7,1,35,230
Breece Hall,97636,HB,NYJ,16,0,22,45.8,3,5,74,22.5,22.9,93.2,0,9,1,80,349,46.7,1,2,29,20.0,20.3,94.8,3,0,31,153
Danny Pinter,47339,C,IND,4,0,14,60.9,1,3,74,100.0,100.0,95.9,0,5,1,78,78,47.5,1,2,34,100.0,100.0,95.6,3,0,37,37
Alec Anderson,81882,G,BUF,8,0,4,23.5,0,3,76,100.0,100.0,96.7,0,4,1,78,78,5.2,0,1,14,100.0,100.0,89.3,2,1,15,15
Mo Alie-Cox,12078,TE,IND,17,0,14,81.3,1,1,69,37.1,38.3,98.6,1,2,0,77,201,72.2,0,0,2,4.7,6.4,100.0,0,0,3,47
Jake Curhan,38549,G,CAR,5,0,5,56.0,0,5,72,100.0,100.0,96.5,0,5,0,76,76,49.4,0,4,32,100.0,100.0,93.7,4,0,34,34
Drew Sample,47259,TE,CIN,17,1,7,67.8,1,2,67,23.0,23.9,96.3,2,4,1,74,310,51.6,1,2,22,17.6,17.9,88.6,4,1,24,134
Tony Pollard,27126,HB,TEN,17,1,31,58.0,1,3,64,17.4,18.6,93.7,2,6,2,73,393,27.0,1,3,20,13.2,14.6,80.0,6,2,23,158
Austen Pleasants,37066,T,SF,2,0,28,48.7,1,3,69,100.0,100.0,95.7,0,5,1,72,72,29.3,1,3,38,100.0,100.0,94.7,4,0,39,39
John Bates,42275,TE,WAS,15,0,32,61.6,1,2,63,32.3,32.5,96.0,0,4,1,68,209,81.1,0,0,6,16.7,18.4,100.0,0,0,7,38
Ian Thomas,42130,TE,LV,14,0,23,58.7,2,4,64,42.1,43.0,95.3,0,6,0,68,158,75.9,0,1,15,28.3,32.8,96.7,1,0,19,58
Blake Corum,129574,HB,LA,20,0,26,56.5,0,4,65,30.7,30.2,96.9,0,4,0,68,225,26.6,0,2,17,21.3,20.2,94.1,2,0,17,84
Scott Matlock,82482,FB,LAC,17,0,27,59.1,0,5,64,60.4,61.8,93.0,0,7,2,68,110,75.8,0,0,5,62.5,66.7,100.0,0,0,6,9
Matt Pryor,46647,T,PHI,8,0,24,71.8,0,1,66,100.0,100.0,94.7,1,4,3,68,68,64.3,0,1,30,100.0,100.0,91.7,3,2,31,31
D'Andre Swift,57212,HB,CHI,18,1,6,52.6,0,6,60,14.9,15.9,95.0,1,6,0,68,428,39.6,0,3,21,11.9,14.3,92.9,3,0,27,189
Theo Johnson,129787,TE,NYG,15,0,21,41.0,1,3,60,12.3,12.6,95.0,1,5,1,67,530,41.6,0,0,8,3.5,4.0,87.5,1,1,10,251
Hunter Henry,10669,TE,NE,21,0,19,65.4,0,2,65,10.2,10.0,95.4,1,4,2,67,668,66.9,0,0,10,3.1,2.9,100.0,0,0,10,348
Zach Charbonnet,97630,HB,SEA,17,0,29,47.8,0,3,61,23.6,23.9,94.3,0,5,2,67,280,29.4,0,3,28,22.2,23.3,87.5,5,2,31,133
Josh Jacobs,45953,HB,GB,16,0,12,43.9,1,6,62,21.0,21.3,94.4,0,7,0,66,310,22.0,1,5,21,17.8,17.6,85.7,6,0,22,125
Julian Hill,88685,TE,MIA,14,1,17,66.8,0,2,61,31.4,31.7,96.7,1,3,1,66,208,80.5,0,0,12,26.7,26.1,100.0,0,0,12,46
Jerome Ford,83601,HB,CLV,13,0,8,52.9,0,8,57,25.4,26.6,91.2,0,9,1,65,244,46.4,0,7,41,26.1,27.4,89.0,8,1,46,168
Jordan Mason,62946,HB,MIN,16,1,18,25.1,4,5,61,27.6,28.1,89.3,1,11,2,65,231,22.3,2,2,25,29.1,29.2,84.0,6,2,26,89
Blake Hance,46301,G,TEN,3,1,31,63.5,0,3,59,98.3,98.5,97.5,1,3,0,64,65,43.5,0,3,24,100.0,100.0,93.7,3,0,27,27
John Ojukwu,58530,T,TEN,2,0,31,45.8,0,6,61,100.0,100.0,88.5,0,10,4,64,64,45.2,0,3,28,100.0,100.0,80.4,7,4,29,29
Andre James,47058,C,LAC,2,0,27,68.6,0,2,59,100.0,100.0,98.3,0,2,0,64,64,67.5,0,1,27,100.0,100.0,98.1,1,0,28,28
Isaiah Davis,138299,HB,NYJ,16,0,22,56.6,0,6,60,27.5,27.3,91.7,0,8,2,62,227,63.4,0,5,44,28.9,28.7,92.0,6,1,45,157
Walter Rouse,100564,T,MIN,4,0,18,65.8,0,5,61,100.0,100.0,94.3,0,6,1,62,62,61.8,0,3,31,100.0,100.0,91.9,4,1,32,32
LeQuint Allen,158290,HB,JAX,18,0,15,80.8,0,3,57,27.4,27.2,97.4,0,3,0,61,224,82.1,0,3,43,27.9,28.8,96.5,3,0,47,163
Nick Chubb,45783,HB,HST,17,0,13,45.5,1,2,54,27.4,28.4,97.2,0,3,0,61,215,55.8,0,0,14,21.5,23.9,100.0,0,0,17,71
James Hudson III,59854,T,NYG,3,0,21,46.7,2,4,55,100.0,100.0,92.7,2,7,1,61,61,54.9,2,2,21,100.0,100.0,90.5,4,0,23,23
Tyrone Tracy,84226,HB,NYG,15,0,21,45.5,1,5,52,16.1,17.7,94.2,1,6,0,61,345,36.5,1,2,25,17.6,19.6,94.0,3,0,30,153
Tyjae Spears,97195,HB,TEN,13,1,31,49.2,2,3,56,20.8,21.3,95.5,1,5,0,61,287,43.7,2,3,33,21.2,22.0,92.4,5,0,36,164
Cade Otton,61071,TE,TB,16,0,30,71.3,0,1,54,9.3,9.4,99.1,2,1,0,59,625,20.4,0,0,4,1.4,1.3,100.0,0,0,4,306
Chuba Hubbard,57373,HB,CAR,16,0,5,48.4,0,1,55,18.9,18.5,97.3,0,2,1,57,308,43.3,0,0,19,12.9,13.2,94.7,1,1,21,159
Christian McCaffrey,11763,HB,SF,19,0,28,41.9,3,1,48,7.8,8.7,91.7,0,6,2,56,642,31.7,0,0,17,5.2,5.9,94.1,1,1,20,341
Jeremy McNichols,11917,HB,WAS,17,2,32,57.4,1,3,48,20.3,20.8,93.7,2,5,1,56,269,53.8,1,2,21,16.0,18.0,88.1,4,1,27,150
Chase Brown,77787,HB,CIN,17,0,7,27.7,2,4,50,11.1,11.8,94.0,1,6,0,56,476,39.2,0,3,22,9.9,10.7,93.2,3,0,25,234
Branson Taylor,123026,G,LAC,1,1,27,45.8,0,4,50,100.0,100.0,96.0,2,4,0,55,55,11.3,0,4,18,100.0,100.0,88.9,4,0,19,19
Darnell Washington,124044,TE,PIT,16,0,25,68.4,1,1,51,19.4,19.7,96.1,1,3,1,55,279,77.8,0,0,6,8.0,8.6,100.0,0,0,7,81
Davis Allen,99697,TE,LA,20,0,26,70.5,1,0,49,18.4,19.0,99.0,1,1,0,55,289,66.5,0,0,1,1.2,1.1,100.0,0,0,1,89
Jackson Hawes,109374,TE,BUF,19,0,4,78.1,0,0,52,32.7,32.3,100.0,0,0,0,53,164,,0,0,0,0.0,0.0,,0,0,0,20
Rico Dowdle,40693,HB,CAR,18,0,5,24.6,0,10,49,15.5,15.2,85.7,1,12,2,52,341,25.0,0,5,26,19.3,19.2,86.5,6,1,29,151
David Montgomery,45719,HB,DET,17,0,11,58.0,0,3,51,22.6,22.3,93.1,0,5,2,52,233,35.8,0,2,17,20.2,19.3,82.4,4,2,17,88
Kyle Monangai,129891,HB,CHI,19,1,6,29.2,1,6,48,15.8,16.1,92.7,1,7,0,52,323,25.0,0,4,22,17.5,16.4,90.9,4,0,22,134
Daniel Brunskill,34807,G,MIA,11,0,17,53.3,1,2,49,83.1,83.6,96.9,0,3,0,51,61,81.3,0,0,7,77.8,77.8,100.0,0,0,7,9
Brock Wright,60994,TE,DET,11,0,11,53.2,4,2,49,28.3,28.2,91.8,0,7,1,51,181,4.9,1,0,2,4.3,4.0,75.0,1,0,2,50
Daniel Bellinger,84041,TE,NYG,16,0,21,68.2,1,2,46,18.0,18.5,96.7,0,3,0,51,275,80.4,0,0,3,3.3,5.1,100.0,0,0,5,98
Kenneth Walker III,97199,HB,SEA,20,0,29,36.0,2,5,45,16.0,17.1,87.8,0,9,2,51,299,26.4,1,2,7,8.0,9.7,78.6,3,0,9,93
Jeremy Ruckert,84029,TE,NYJ,17,0,22,51.6,2,3,48,20.4,20.4,92.7,2,6,1,50,245,39.2,1,0,4,4.4,4.3,87.5,1,0,4,93
Dare Ogunbowale,12329,HB,HST,15,0,13,52.5,0,2,45,40.9,42.4,95.6,0,3,1,50,118,46.6,0,2,27,38.0,40.3,92.6,3,1,31,77
Kareem Hunt,11841,HB,KC,17,0,16,63.6,2,1,49,15.2,14.5,94.9,0,4,1,50,346,62.1,1,0,17,11.6,11.3,91.2,2,1,18,160
Drew Kendall,143829,C,PHI,2,0,24,75.4,0,1,49,100.0,100.0,99.0,0,1,0,50,50,82.9,0,0,23,100.0,100.0,100.0,0,0,24,24
Joe Huber,123565,G,MIN,3,0,18,45.5,0,3,46,100.0,100.0,94.6,0,4,1,50,50,20.1,0,2,14,100.0,100.0,85.7,3,1,17,17
Dalton Schultz,47304,TE,HST,19,0,13,56.2,2,1,46,8.0,7.8,96.7,2,3,0,49,626,30.3,1,0,5,1.8,1.7,90.0,1,0,5,298
Patrick Ricard,48862,FB,BLT,11,0,3,51.2,0,5,46,62.2,60.8,94.6,0,5,0,48,79,39.1,0,1,8,57.1,56.3,93.7,1,0,9,16
Alvin Kamara,11822,HB,NO,11,0,20,23.4,0,3,45,16.0,16.0,83.3,0,9,6,48,300,23.7,0,1,24,18.9,18.8,81.2,5,4,26,138
Samaje Perine,11869,HB,CIN,14,0,7,39.1,0,4,45,19.9,19.9,91.1,0,6,2,48,241,29.8,0,4,25,19.4,19.4,92.0,4,0,27,139
Jordan McFadden,77578,G,CHI,2,0,6,75.7,0,2,48,100.0,100.0,97.9,0,2,0,48,48,58.9,0,2,18,100.0,100.0,94.4,2,0,18,18
TreVeyon Henderson,145059,HB,NE,21,1,19,27.8,0,8,41,12.9,14.2,82.9,3,11,3,48,337,18.6,0,4,17,11.5,13.6,70.6,7,3,22,162
Emanuel Wilson,154173,HB,GB,17,0,12,49.5,0,5,40,22.3,24.2,93.7,0,5,0,47,194,42.6,0,1,11,14.9,19.0,95.5,1,0,15,79
Michael Carter,57337,HB,ARZ,13,0,1,66.1,1,4,42,15.1,16.0,91.7,0,6,1,47,294,52.5,1,2,18,11.5,12.0,91.7,3,0,20,166
Tyler Badie,83714,HB,DEN,18,0,10,80.9,0,2,43,22.2,22.7,97.7,0,2,0,47,207,80.0,0,1,28,22.4,22.4,98.2,1,0,30,134
Noah Gray,60878,TE,KC,16,0,16,72.6,0,3,47,15.8,14.6,94.7,0,4,1,47,322,69.6,0,0,1,1.1,1.0,100.0,0,0,1,103
Derrick Henry,10679,HB,BLT,17,0,3,65.9,2,4,40,20.5,22.2,90.0,1,7,1,46,207,59.3,0,0,10,19.2,21.8,100.0,0,0,12,55
Mason Taylor,157122,TE,NYJ,13,2,22,35.7,1,6,44,11.2,11.0,87.5,2,9,2,46,420,27.4,1,4,20,9.0,9.0,77.5,7,2,21,234
D.J. Humphries,9457,T,LA,2,0,26,54.1,0,4,42,100.0,100.0,92.9,2,5,1,45,45,58.8,0,2,21,100.0,100.0,95.2,2,0,22,22
Chris Hubbard,8051,T,DET,1,0,11,59.2,1,0,45,100.0,100.0,96.7,0,2,1,45,45,54.1,0,0,19,100.0,100.0,100.0,0,0,19,19
Gunnar Helm,144726,TE,TEN,16,0,31,55.7,0,3,42,14.6,15.1,96.4,1,3,0,45,298,41.1,0,1,5,3.9,4.6,90.0,1,0,6,131
Hunter Nourzad,91674,G,KC,3,0,16,61.6,1,1,42,100.0,100.0,97.6,0,2,0,44,44,65.6,1,1,21,100.0,100.0,95.2,2,0,22,22
Luke Schoonmaker,84005,TE,DAL,17,0,9,54.1,0,4,43,23.9,23.5,95.3,0,4,0,44,187,32.7,0,1,1,1.7,1.6,50.0,1,0,1,61
Alec Ingold,34934,FB,MIA,17,0,17,68.7,0,1,41,25.2,25.9,98.8,0,1,0,44,170,46.3,0,0,4,11.8,14.3,100.0,0,0,5,35
Josh Oliver,47083,TE,MIN,15,0,18,66.6,0,1,39,24.5,25.4,98.7,1,1,0,44,173,71.8,0,0,2,5.0,6.7,100.0,0,0,3,45
Elijah Klein,81912,G,TB,2,0,30,80.6,0,2,39,100.0,100.0,97.4,0,2,0,44,44,71.8,0,2,16,100.0,100.0,93.7,2,0,19,19
Devin Singletary,40485,HB,NYG,17,0,21,67.0,1,1,35,22.9,25.3,94.3,0,3,1,43,170,53.6,1,1,15,20.0,25.3,86.7,3,1,22,87
Chris Manhertz,10211,TE,NYG,16,0,21,69.7,1,0,40,72.7,72.9,98.7,0,1,0,43,59,70.2,0,0,1,33.3,25.0,100.0,0,0,1,4
Cody Ford,39805,T,CIN,5,0,7,53.0,1,2,41,97.6,97.7,93.9,0,4,1,43,44,41.9,1,1,21,100.0,100.0,90.5,3,1,22,22
Eric Saubert,11929,TE,SEA,14,0,29,81.4,0,1,40,32.3,32.3,98.7,0,1,0,42,130,74.4,0,0,3,11.1,10.3,100.0,0,0,3,29
Bam Knight,97432,HB,ARZ,9,0,1,39.0,1,2,40,23.3,22.8,93.7,0,4,1,41,180,23.8,0,1,7,12.7,12.3,78.6,2,1,7,57
Hakeem Adeniji,45419,G,DAL,3,0,9,34.7,0,2,40,100.0,100.0,97.5,1,2,0,41,41,15.9,0,1,15,100.0,100.0,96.7,1,0,16,16
Omarion Hampton,162750,HB,LAC,10,0,27,16.3,2,4,36,16.3,17.4,88.9,0,7,1,41,236,4.5,0,2,11,11.3,13.1,81.8,3,1,14,107
Payne Durham,84037,TE,TB,17,0,30,51.4,1,1,37,33.9,34.2,97.3,0,2,0,41,120,66.6,0,0,1,5.0,4.8,100.0,0,0,1,21
Michael Mayer,122906,TE,LV,13,0,23,54.9,1,0,40,15.3,14.7,96.2,0,2,1,41,279,63.6,0,0,7,6.0,5.4,100.0,0,0,7,130
RJ Harvey,99622,HB,DEN,19,0,10,53.8,1,4,39,11.3,11.1,93.6,1,5,0,40,359,50.0,1,2,17,13.7,13.4,91.2,3,0,17,127
Andrew Ogletree,138351,TE,IND,15,0,14,85.4,0,0,37,41.6,40.4,100.0,0,0,0,40,99,,0,0,0,0.0,0.0,,0,0,0,21
Tyler Warren,129798,TE,IND,17,1,14,64.2,0,0,36,6.7,6.9,100.0,3,0,0,40,576,74.3,0,0,1,0.4,0.7,100.0,0,0,2,268
Thayer Munford Jr.,59994,T,NE,9,0,19,75.9,1,0,38,100.0,100.0,98.7,0,1,0,40,40,76.0,0,0,11,100.0,100.0,100.0,0,0,12,12
Jaylen Warren,98692,HB,PIT,17,0,25,72.0,0,0,35,13.6,14.4,97.1,0,1,1,39,271,67.9,0,0,15,17.4,18.3,93.3,1,1,17,93
Wyatt Milum,144785,G,JAX,7,0,15,70.5,0,2,37,100.0,100.0,97.3,0,2,0,39,39,49.3,0,2,15,100.0,100.0,93.3,2,0,16,16
Jacory Croskey-Merritt,102382,HB,WAS,17,0,32,44.3,1,5,34,19.5,20.5,91.2,0,6,0,39,190,24.7,1,3,10,26.3,27.3,80.0,4,0,12,44
Justice Hill,45865,HB,BLT,10,0,3,37.5,1,2,36,22.4,22.4,95.8,0,3,0,39,174,33.1,0,2,16,18.2,17.9,93.7,2,0,17,95
C.J. Ham,11347,FB,MIN,11,0,18,72.5,0,2,35,39.8,39.6,94.3,0,3,1,38,96,68.6,0,2,20,40.8,41.8,90.0,3,1,23,55
David Njoku,11784,TE,CLV,12,0,8,47.7,0,3,35,11.3,11.4,95.7,0,3,0,38,334,57.3,0,1,17,10.4,10.6,97.1,1,0,19,179
Grant Calcaterra,60997,TE,PHI,16,0,24,71.1,0,0,35,22.6,23.8,100.0,0,0,0,38,160,,0,0,0,0.0,0.0,,0,0,0,56
Austin Hooper,10715,TE,NE,20,0,19,65.8,1,1,35,12.5,13.0,97.1,0,2,0,38,292,68.2,0,0,5,4.6,4.3,100.0,0,0,5,117
Hunter Luepke,91319,FB,DAL,17,0,9,54.3,1,1,34,28.8,29.2,94.1,0,3,1,38,130,28.8,1,1,16,28.1,28.1,87.5,3,1,18,64
Sedrick Van Pran-Granger,124042,C,BUF,3,0,4,85.1,0,0,35,100.0,100.0,100.0,0,0,0,37,37,79.5,0,0,5,100.0,100.0,100.0,0,0,6,6
Demontrey Jacobs,56619,T,ARZ,2,0,1,49.0,1,1,35,100.0,100.0,94.3,0,3,1,37,37,45.6,1,1,18,100.0,100.0,88.9,3,1,19,19
Luke Farrell,42353,TE,SF,19,0,28,46.2,0,0,35,18.7,18.7,94.3,0,2,2,36,193,9.7,0,0,4,5.3,5.3,50.0,2,2,4,76
J.K. Dobbins,57366,HB,DEN,10,0,10,60.3,1,4,31,21.4,22.8,91.9,0,5,0,36,158,42.2,1,2,14,33.3,29.8,89.3,3,0,14,47
Cameron Williams,163867,T,PHI,1,0,24,69.8,1,0,35,100.0,100.0,98.6,0,1,0,36,36,74.3,1,0,17,100.0,100.0,97.1,1,0,18,18
Durham Smythe,47257,TE,CHI,19,0,6,61.6,0,2,33,26.4,27.1,97.0,0,2,0,36,133,65.2,0,0,1,5.9,5.6,100.0,0,0,1,18
Matt Peart,46179,G,DEN,1,0,10,25.2,0,1,33,100.0,100.0,98.5,2,1,0,36,36,6.8,0,1,10,100.0,100.0,95.0,1,0,11,11
Tyler Allgeier,83639,HB,ATL,17,0,2,70.7,1,1,33,23.6,23.5,97.0,0,2,0,35,149,67.7,0,1,16,26.7,25.0,96.9,1,0,16,64
T.J. Hockenson,40912,TE,MIN,15,0,18,55.4,1,1,34,7.5,7.3,97.1,0,2,0,35,480,66.1,0,0,9,3.7,3.8,100.0,0,0,10,261
Chigoziem Okonkwo,84000,TE,TEN,17,0,31,60.5,1,1,33,7.3,7.2,93.9,1,3,1,35,487,74.1,0,0,11,5.0,4.8,90.9,1,1,11,231
Jake Ferguson,61081,TE,DAL,17,2,9,54.4,0,2,34,6.4,6.0,94.1,4,3,1,35,581,23.8,0,0,3,1.2,1.1,66.7,1,1,3,275
Chris Brooks,83644,HB,GB,18,0,12,70.8,2,2,33,21.7,22.3,93.9,0,4,0,35,157,76.8,1,1,20,25.0,26.5,95.0,2,0,22,83
Tommy Tremble,84025,TE,CAR,18,0,5,61.6,0,3,33,9.7,9.6,95.5,0,3,0,35,364,70.3,0,0,2,1.4,1.3,100.0,0,0,2,156
De'Von Achane,124305,HB,MIA,16,0,17,43.3,0,4,32,7.8,7.9,90.6,0,5,1,34,429,62.8,0,2,11,7.8,8.2,90.9,2,0,12,147
Devin Neal,144558,HB,NO,9,0,20,57.8,0,3,30,17.6,18.8,95.0,0,3,0,34,181,45.4,0,3,20,19.8,21.1,92.5,3,0,23,109
Juwan Johnson,28305,TE,NO,17,0,20,61.1,0,0,33,6.0,5.7,100.0,0,0,0,34,593,58.8,0,0,7,2.5,2.6,100.0,0,0,8,309
Brevyn Spann-Ford,84006,TE,DAL,17,0,9,53.8,2,4,32,31.7,30.8,90.6,0,6,0,33,107,25.2,2,0,4,17.4,16.0,75.0,2,0,4,25
Sam LaPorta,101690,TE,DET,9,0,11,60.6,2,0,31,11.3,11.5,96.8,0,2,0,33,287,83.8,0,0,6,4.8,5.3,100.0,0,0,7,131
Tucker Kraft,104034,TE,GB,8,0,12,53.5,0,1,30,12.5,12.9,98.3,0,1,0,33,255,63.9,0,0,3,3.0,2.8,100.0,0,0,3,108
Bucky Irving,144970,HB,TB,10,0,30,22.6,1,3,31,14.3,13.9,90.3,0,5,1,33,237,22.1,1,2,12,13.5,14.4,87.5,3,0,14,97
Chuma Edoga,46232,T,JAX,6,1,15,69.1,0,1,29,96.7,97.1,94.8,2,2,1,33,34,74.7,0,1,10,90.9,92.3,95.0,1,0,12,13
Johnny Mundt,12206,TE,JAX,17,0,15,78.9,0,0,30,18.1,18.2,100.0,1,0,0,33,181,76.7,0,0,3,4.0,4.8,100.0,0,0,4,84
Brenton Strange,101694,TE,JAX,13,0,15,60.5,0,1,29,7.8,7.8,98.3,1,1,0,31,395,29.5,0,1,6,3.0,3.4,91.7,1,0,7,208
Malik Davis,57196,HB,DAL,9,0,9,50.0,0,2,31,36.9,35.2,93.5,0,3,1,31,88,26.9,0,2,8,27.6,24.2,87.5,2,0,8,33
Jack Stoll,42058,TE,NO,14,0,20,68.9,0,2,27,36.5,37.5,96.3,0,2,0,30,80,76.9,0,0,4,21.1,21.1,100.0,0,0,4,19
George Kittle,11901,TE,SF,12,1,28,72.2,0,3,25,7.7,8.8,94.0,1,3,0,30,339,73.9,0,1,10,5.6,5.4,95.0,1,0,10,184
Wanya Morris,98247,T,KC,3,0,16,23.7,2,1,28,100.0,100.0,94.6,0,3,0,30,30,26.9,2,1,16,100.0,100.0,90.6,3,0,17,17
Tylan Grable,109425,T,BUF,1,0,4,83.3,0,0,28,100.0,100.0,100.0,0,0,0,30,30,76.3,0,0,2,100.0,100.0,100.0,0,0,3,3
Aaron Jones,11937,HB,MIN,12,0,18,35.6,0,3,27,12.7,13.0,90.7,0,4,1,30,230,24.2,0,3,12,10.8,10.8,79.2,4,1,13,120
Ollie Gordon II,157792,HB,MIA,17,0,17,23.6,1,1,27,22.7,23.8,92.6,1,3,1,30,126,44.4,0,0,6,21.4,21.4,83.3,1,1,6,28
Foster Moreau,47043,TE,NO,11,0,20,70.7,1,0,27,27.8,28.7,94.4,0,2,1,29,101,73.9,0,0,3,8.6,8.6,100.0,0,0,3,35
Miles Frazier,123626,G,DET,4,0,11,34.5,1,4,26,100.0,100.0,90.4,0,5,0,29,29,26.6,0,3,11,100.0,100.0,86.4,3,0,12,12
Ty Johnson,45769,HB,BUF,17,0,4,26.4,1,2,29,11.8,11.1,94.8,0,3,0,29,262,21.4,1,2,17,12.1,11.3,91.2,3,0,17,151
Andrew Meyer,81910,C,MIA,1,0,17,74.9,0,0,28,100.0,100.0,100.0,0,0,0,29,29,58.3,0,0,7,100.0,100.0,100.0,0,0,7,7
Harrison Bryant,26394,TE,HST,14,0,13,41.7,0,6,26,28.0,29.3,88.5,0,6,0,29,99,69.8,0,0,1,3.4,3.4,100.0,0,0,1,29
Isiah Pacheco,83747,HB,KC,13,0,16,67.2,0,1,26,9.7,10.2,94.2,0,2,1,29,285,66.2,0,0,10,10.6,10.7,90.0,1,1,11,103
Colston Loveland,158540,TE,CHI,18,0,6,43.9,1,2,28,5.7,5.7,94.6,2,3,0,29,513,48.4,1,0,6,2.7,2.5,91.7,1,0,6,236
Travis Kelce,7844,TE,KC,17,0,16,57.9,1,1,28,4.6,4.5,96.4,2,2,0,29,642,69.7,0,0,1,0.4,0.4,100.0,0,0,1,283
Harold Fannin Jr.,163104,TE,CLV,16,0,8,54.1,2,1,25,5.4,5.7,94.0,2,3,0,28,493,71.9,0,0,2,0.8,0.8,100.0,0,0,2,262
Beaux Limmer,99067,G,LA,2,0,26,0.0,2,0,27,100.0,100.0,92.6,0,3,1,28,28,8.7,1,0,7,100.0,100.0,78.6,2,1,7,7
Robbie Ouzts,146594,FB,SEA,13,0,29,66.0,0,0,25,39.7,41.8,100.0,1,0,0,28,67,69.2,0,0,1,12.5,12.5,100.0,0,0,1,8
Reggie Gilliam,40951,FB,BUF,19,0,4,89.5,0,0,27,42.9,41.2,100.0,0,0,0,28,68,,0,0,0,0.0,0.0,,0,0,0,6
Giovanni Manu,183106,T,DET,1,0,11,17.5,0,0,28,100.0,100.0,92.9,0,2,2,28,28,19.3,0,0,6,100.0,100.0,83.3,1,1,6,6
Kenneth Gainwell,77737,HB,PIT,18,0,25,69.3,0,1,24,6.4,6.7,93.7,1,2,1,27,403,58.0,0,0,10,6.1,6.9,90.0,1,1,12,173
Tucker Fisk,52286,TE,LAC,11,0,27,56.7,0,1,27,31.4,29.7,90.7,0,3,2,27,91,47.3,0,0,5,38.5,33.3,80.0,1,1,5,15
Emari Demercado,77763,HB,ARZ,11,1,1,46.0,0,2,25,17.7,18.1,88.0,1,4,2,27,149,50.1,0,2,19,20.2,21.0,89.5,3,1,21,100
Charles Grant,142410,T,LV,2,0,23,77.7,0,1,24,100.0,100.0,97.9,0,1,0,26,26,67.2,0,1,11,100.0,100.0,95.5,1,0,12,12
Mitchell Evans,147486,TE,CAR,18,0,5,66.7,0,1,25,14.8,14.7,98.0,2,1,0,26,177,,0,0,0,0.0,0.0,,0,0,0,51
John FitzPatrick,83974,TE,GB,15,1,12,73.6,0,0,23,16.2,16.9,100.0,1,0,0,26,154,,0,0,0,0.0,0.0,,0,0,0,48
Rasheen Ali,121717,HB,BLT,9,0,3,31.0,0,1,23,24.5,24.8,93.5,0,2,1,25,101,38.2,0,1,17,27.0,26.9,91.2,2,1,18,67
Adam Prentice,35639,FB,DEN,17,0,10,86.2,0,0,24,27.3,27.8,100.0,0,0,0,25,90,78.5,0,0,10,24.4,26.2,100.0,0,0,11,42
Quinshon Judkins,157128,HB,CLV,14,0,8,19.1,0,3,23,12.4,12.8,89.1,0,4,1,25,195,35.6,0,0,5,8.5,11.1,80.0,1,1,7,63
James Cook,83666,HB,BUF,18,0,4,41.9,1,1,25,7.8,7.4,96.0,0,2,0,25,336,21.5,0,0,5,4.5,4.2,100.0,0,0,5,119
Aaron Stinnie,28653,G,NYG,1,1,21,58.1,0,1,19,100.0,100.0,97.4,1,1,0,25,25,49.0,0,1,12,100.0,100.0,95.8,1,0,18,18
Raheem Mostert,9783,HB,LV,12,0,23,45.9,0,0,21,21.0,21.8,95.2,0,1,1,24,110,60.4,0,0,11,16.7,18.1,100.0,0,0,13,72
Zak Zinter,129605,G,CLV,4,0,8,53.8,1,0,22,100.0,100.0,93.2,0,2,1,24,24,81.8,0,0,12,100.0,100.0,100.0,0,0,12,12
Emery Jones Jr.,157117,G,BLT,3,0,3,67.5,1,0,23,100.0,100.0,97.8,0,1,0,24,24,83.2,0,0,9,100.0,100.0,100.0,0,0,9,9
Frank Crum,75860,T,DEN,10,0,10,71.9,0,1,22,95.7,95.8,97.7,0,1,0,23,24,79.7,0,0,5,100.0,100.0,100.0,0,0,5,5
Garrett Dellinger,146770,G,TEN,1,0,31,73.3,1,0,23,100.0,100.0,97.8,0,1,0,23,23,63.8,1,0,13,100.0,100.0,96.2,1,0,13,13
Chris Rodriguez Jr.,83689,HB,WAS,13,0,32,47.7,1,2,22,20.2,19.8,93.2,0,3,0,23,116,26.3,1,2,4,11.8,11.4,62.5,3,0,4,35
Kyle Pitts,83964,TE,ATL,17,0,2,81.3,0,1,21,3.7,3.9,97.6,1,1,0,23,596,70.2,0,0,1,0.3,0.3,100.0,0,0,1,324
Blake Whiteheart,77881,TE,CLV,14,0,8,59.3,1,0,22,18.5,18.4,97.7,0,1,0,23,125,71.2,0,0,2,3.7,3.6,100.0,0,0,2,56
Oronde Gadsden II,144046,TE,LAC,16,0,27,70.7,1,1,22,5.0,4.9,95.5,1,2,0,23,465,68.7,0,1,9,3.9,4.0,94.4,1,0,10,247
Jake Tonges,60864,TE,SF,15,0,28,56.4,0,2,23,7.8,7.4,95.7,0,2,0,23,312,43.8,0,0,7,4.6,4.4,100.0,0,0,7,158
Jacob Monk,98058,C,GB,2,0,12,50.7,0,0,21,100.0,100.0,100.0,0,0,0,22,22,29.2,0,0,10,100.0,100.0,100.0,0,0,10,10
Jackson Slater,147796,G,TEN,1,0,31,79.2,0,1,22,100.0,100.0,97.7,0,1,0,22,22,69.7,0,1,9,100.0,100.0,94.4,1,0,9,9
Charlie Kolar,60917,TE,BLT,17,1,3,48.4,0,1,20,16.5,17.3,92.5,1,2,1,22,127,73.4,0,0,3,10.7,10.3,100.0,0,0,3,29
Kyle Juszczyk,7912,FB,SF,19,0,28,84.3,0,0,17,6.6,7.7,100.0,0,0,0,21,274,81.6,0,0,3,3.1,3.0,100.0,0,0,3,99
Dallas Goedert,47272,TE,PHI,16,0,24,64.2,0,0,20,4.1,4.1,100.0,0,0,0,21,515,69.2,0,0,1,0.4,0.4,100.0,0,0,1,270
Lecitus Smith,61069,C,GB,2,0,12,76.2,0,0,20,100.0,100.0,100.0,0,0,0,21,21,82.7,0,0,8,100.0,100.0,100.0,0,0,8,8
Bhayshul Tuten,150568,HB,JAX,14,0,15,52.9,0,2,19,17.1,17.5,94.7,0,2,0,21,120,27.8,0,1,7,15.6,15.7,92.9,1,0,8,51
Cade Stover,101486,TE,HST,11,0,13,56.7,0,0,18,14.6,15.8,94.4,0,1,1,21,133,,0,0,0,0.0,0.0,,0,0,0,38
Xavier Newman,58525,G,NYJ,3,0,22,28.5,1,1,20,100.0,100.0,95.0,0,2,0,21,21,17.4,1,1,13,100.0,100.0,92.3,2,0,13,13
Cam Skattebo,147787,HB,NYG,8,0,21,11.6,0,2,17,11.3,12.8,94.1,1,2,0,21,164,3.4,0,2,7,12.1,12.5,85.7,2,0,8,64
Jonnu Smith,11855,TE,PIT,18,0,25,51.8,0,0,19,5.6,5.6,100.0,1,0,0,20,360,,0,0,0,0.0,0.0,,0,0,0,131
Ray Davis,101072,HB,BUF,19,0,4,64.8,0,1,18,16.1,16.8,97.2,0,1,0,20,119,43.5,0,1,6,17.6,16.7,91.7,1,0,6,36
Tyler Higbee,10744,TE,LA,13,0,26,67.4,0,0,16,6.7,7.9,100.0,2,0,0,20,254,77.3,0,0,2,1.9,2.8,100.0,0,0,3,107
Luke Musgrave,98499,TE,GB,18,0,12,77.4,0,0,20,7.5,7.3,100.0,0,0,0,20,275,71.6,0,0,1,0.9,0.9,100.0,0,0,1,116
Brenden Bates,53746,TE,CLV,8,0,8,65.4,1,0,19,38.8,39.2,97.4,0,1,0,20,51,72.7,0,0,1,7.1,6.7,100.0,0,0,1,15
Hunter Long,60859,TE,JAX,9,0,15,64.2,0,0,20,13.2,12.8,100.0,0,0,0,20,156,45.1,0,0,5,6.8,6.5,100.0,0,0,5,77
Mark Andrews,47436,TE,BLT,17,1,3,50.2,0,4,19,5.3,4.9,89.5,4,4,0,19,390,76.6,0,0,7,4.0,3.7,100.0,0,0,7,190
Max Mitchell,81707,T,NYJ,10,0,22,27.8,0,1,16,88.9,90.5,96.9,0,1,0,19,21,78.3,0,0,3,100.0,100.0,100.0,0,0,3,3
Nick Zakelj,59693,G,SF,1,0,28,26.5,0,2,19,100.0,100.0,94.7,0,2,0,19,19,20.9,0,2,16,100.0,100.0,93.7,2,0,16,16
Kendre Miller,123091,HB,NO,7,0,20,57.4,0,1,18,37.5,35.2,97.2,0,1,0,19,54,49.4,0,0,5,29.4,31.6,100.0,0,0,6,19
Trent Scott,24481,T,WAS,8,0,32,75.4,0,2,15,100.0,100.0,93.3,0,2,0,18,18,77.6,0,1,1,100.0,100.0,50.0,1,0,2,2
Ja'Tavion Sanders,144717,TE,CAR,12,0,5,75.2,0,0,17,6.9,6.9,94.1,0,1,1,18,260,76.3,0,0,5,3.8,3.6,100.0,0,0,5,140
Shane Zylstra,143786,TE,DET,5,0,11,42.6,0,2,17,17.3,17.5,88.2,1,3,1,18,103,35.2,0,2,5,11.9,11.1,60.0,3,1,5,45
Nick Kallerup,101679,TE,SEA,8,0,29,41.3,2,0,14,58.3,64.3,85.7,0,3,1,18,28,28.8,0,0,2,50.0,60.0,50.0,1,1,3,5
Dylan Sampson,163772,HB,CLV,15,1,8,23.0,2,1,14,8.8,10.4,89.3,1,3,0,18,173,17.9,2,0,7,8.3,8.7,85.7,2,0,8,92
Hayden Conner,144723,G,ARZ,3,0,1,68.9,0,2,18,100.0,100.0,94.4,0,2,0,18,18,71.7,0,1,11,100.0,100.0,95.5,1,0,11,11
Dawson Knox,35883,TE,BUF,19,0,4,62.7,0,3,17,4.6,4.3,91.2,0,3,0,17,392,64.4,0,1,5,3.1,2.9,90.0,1,0,5,171
Jack Westover,84079,FB,NE,21,0,19,76.7,0,0,17,20.0,19.1,100.0,0,0,0,17,89,49.9,0,0,2,6.1,5.7,100.0,0,0,2,35
Nate Adkins,87625,TE,DEN,11,0,10,60.0,1,0,14,14.1,15.7,96.4,0,1,0,17,108,13.0,0,0,1,2.9,2.8,100.0,0,0,1,36
Audric Estime,147476,HB,NO,5,0,20,63.4,0,2,17,15.0,14.3,94.1,0,2,0,17,119,53.6,0,2,11,18.0,17.5,90.9,2,0,11,63
Cameron Latu,82647,TE,PHI,12,0,24,63.9,0,1,16,50.0,47.2,96.9,0,1,0,17,36,,0,0,0,0.0,0.0,,0,0,0,6
Hassan Haskins,83701,HB,LAC,8,0,27,44.2,0,2,16,27.6,28.3,93.7,0,2,0,17,60,46.7,0,1,5,18.5,20.7,90.0,1,0,6,29
Mike Jerrell,183057,T,ATL,1,0,2,10.0,1,2,16,100.0,100.0,84.4,0,4,1,17,17,0.0,1,2,6,100.0,100.0,75.0,3,0,7,7
Luke Newman,143066,G,CHI,1,0,6,38.3,0,0,13,92.9,94.1,100.0,0,0,0,16,17,80.7,0,0,4,100.0,100.0,100.0,0,0,6,6
Quintin Morris,61182,TE,JAX,10,0,15,46.0,0,2,16,17.8,16.5,87.5,0,3,1,16,97,71.7,0,0,2,4.9,4.3,100.0,0,0,2,46
Will Shipley,144138,HB,PHI,16,0,24,37.2,0,1,14,15.1,16.2,96.4,0,1,0,16,99,27.1,0,1,8,13.6,14.3,93.7,1,0,9,63
Marcedes Lewis,2973,TE,DEN,5,0,10,50.3,0,0,14,93.3,88.2,92.9,1,1,1,15,17,,0,0,0,,,,0,0,0,0
Sam Mustipher,13026,C,DEN,2,0,10,53.3,0,0,13,100.0,100.0,100.0,0,0,0,15,15,22.2,0,0,4,100.0,100.0,100.0,0,0,5,5
Brandon Walton,41533,G,CAR,1,0,5,22.8,0,2,13,100.0,100.0,92.3,1,2,0,15,15,0.0,0,1,6,100.0,100.0,91.7,1,0,6,6
Calvin Anderson,46247,T,PIT,1,0,25,42.8,0,1,13,100.0,100.0,96.2,0,1,0,15,15,45.4,0,1,8,100.0,100.0,93.7,1,0,10,10
Jaret Patterson,77745,HB,LAC,6,0,27,45.2,1,1,15,26.3,23.1,86.7,0,3,1,15,65,27.5,0,1,4,19.0,16.7,62.5,2,1,4,24
Isaiah Likely,83955,TE,BLT,14,0,3,46.1,0,1,15,6.0,5.6,90.0,0,2,1,15,269,34.5,0,1,3,2.5,2.3,50.0,2,1,3,129
Teagan Quitoriano,84036,TE,ATL,7,0,2,79.8,0,0,14,66.7,65.2,100.0,0,0,0,15,23,61.9,0,0,0,0.0,33.3,,0,0,1,3
Ben Sinnott,122616,TE,WAS,15,0,32,41.1,0,1,12,10.3,11.7,95.8,1,1,0,15,128,69.7,0,0,1,2.9,2.6,100.0,0,0,1,38
Sean Tucker,123056,HB,TB,14,0,30,23.0,0,1,14,19.2,20.0,96.4,0,1,0,15,75,23.3,0,1,5,19.2,18.5,90.0,1,0,5,27
Zaire Mitchell-Paden,145197,TE,NO,8,0,20,56.0,1,0,15,57.7,55.6,96.7,0,1,0,15,27,,0,0,0,0.0,0.0,,0,0,0,1
Luke Tenuta,77367,T,IND,2,0,14,81.3,0,1,13,100.0,100.0,96.2,0,1,0,14,14,76.2,0,1,8,100.0,100.0,93.7,1,0,9,9
Brock Bowers,146715,TE,LV,12,0,23,79.2,1,0,14,3.4,3.2,96.4,0,1,0,14,437,69.6,0,0,2,0.9,0.8,100.0,0,0,2,244
Anthony Firkser,51837,TE,DET,7,0,11,65.9,0,0,13,11.1,11.6,100.0,0,0,0,14,121,53.9,0,0,3,5.6,5.4,100.0,0,0,3,56
Kylen Granson,40630,TE,PHI,16,0,24,75.0,0,1,14,13.6,13.1,96.4,0,1,0,14,107,,0,0,0,0.0,0.0,,0,0,0,40
Calvin Throckmorton,28238,G,DEN,3,1,10,35.4,1,1,13,100.0,100.0,92.3,1,2,0,14,14,0.0,1,1,4,100.0,100.0,75.0,2,0,4,4
Miles Sanders,40555,HB,DAL,4,0,9,36.8,1,2,11,30.6,33.3,86.4,0,3,0,14,42,16.7,1,2,5,29.4,28.6,70.0,3,0,6,21
Benjamin Yurosek,131786,TE,MIN,9,0,18,79.6,0,0,13,36.1,35.9,100.0,0,0,0,14,39,,0,0,0,0.0,0.0,,0,0,0,8
Josh Whyle,54037,TE,GB,9,0,12,60.3,1,0,13,12.9,13.1,96.2,0,1,0,14,107,67.4,0,0,5,9.4,10.5,100.0,0,0,6,57
Jakob Johnson,32565,FB,HST,7,0,13,67.3,0,0,12,57.1,54.2,100.0,0,0,0,13,24,,0,0,0,0.0,0.0,,0,0,0,2
George Holani,72154,HB,SEA,4,0,29,52.9,0,2,13,26.0,26.0,92.3,0,2,0,13,50,62.2,0,1,4,15.4,15.4,87.5,1,0,4,26
Pat Freiermuth,84085,TE,PIT,18,0,25,78.1,0,0,13,3.5,3.3,100.0,3,0,0,13,395,,0,0,0,0.0,0.0,,0,0,0,174
Christian Haynes,77339,G,SEA,2,0,29,72.3,0,1,12,100.0,100.0,95.8,0,1,0,13,13,66.5,0,1,7,100.0,100.0,92.9,1,0,8,8
Zavier Scott,55123,HB,MIN,9,0,18,74.3,0,0,12,17.4,16.2,100.0,0,0,0,12,74,79.8,0,0,3,9.1,8.6,100.0,0,0,3,35
Trayveon Williams,45775,HB,CLV,5,0,8,50.1,0,0,12,18.8,18.2,100.0,0,0,0,12,66,35.8,0,0,8,16.7,16.0,100.0,0,0,8,50
Evan Engram,11778,TE,DEN,18,0,10,75.0,0,0,12,2.9,2.8,100.0,1,0,0,12,432,74.5,0,0,3,1.4,1.3,100.0,0,0,3,225
Trey McBride,75916,TE,ARZ,17,0,1,34.4,0,1,11,1.6,1.6,95.5,2,1,0,12,749,55.1,0,0,3,0.8,0.8,100.0,0,0,3,384
Will Dissly,30762,TE,LAC,10,0,27,74.3,0,0,12,11.1,10.8,100.0,0,0,0,12,111,71.4,0,0,2,4.9,4.8,100.0,0,0,2,42
Khalil Herbert,41668,HB,NYJ,3,0,22,77.0,0,0,12,40.0,38.7,100.0,0,0,0,12,31,67.0,0,0,5,45.5,41.7,100.0,0,0,5,12
Tanner Conner,22777,TE,NYG,9,0,21,38.6,0,2,12,9.5,9.1,91.7,0,2,0,12,132,37.4,0,2,2,3.8,3.8,50.0,2,0,2,53
Zamir White,83665,HB,LV,5,0,23,57.7,0,0,11,26.8,25.5,100.0,0,0,0,12,47,44.5,0,0,7,24.1,22.9,100.0,0,0,8,35
British Brooks,77714,FB,HST,5,0,13,80.2,0,0,11,84.6,84.6,100.0,0,0,0,11,13,,0,0,0,0.0,0.0,,0,0,0,1
Tank Bigsby,123974,HB,PHI,13,1,24,13.4,0,2,8,12.9,16.7,87.5,1,2,0,11,66,0.9,0,1,2,11.1,15.8,75.0,1,0,3,19
Tip Reiman,129423,TE,ARZ,4,0,1,46.9,0,1,10,22.2,20.8,95.0,0,1,0,10,48,22.6,0,0,1,16.7,16.7,100.0,0,0,1,6
Austin Ekeler,12164,HB,WAS,2,0,32,67.0,0,0,10,20.0,19.2,100.0,0,0,0,10,52,56.1,0,0,5,16.1,15.2,100.0,0,0,5,33
Robert Tonyan,12193,TE,KC,14,0,16,55.3,0,0,10,22.2,21.3,100.0,0,0,0,10,47,,0,0,0,0.0,0.0,,0,0,0,14
Carter Runyon,177002,TE,LV,7,0,23,72.5,0,0,10,58.8,55.6,100.0,0,0,0,10,18,68.7,0,0,1,100.0,100.0,100.0,0,0,1,1
Puka Nacua,100632,WR,LA,19,0,26,79.7,1,0,9,1.6,1.6,94.4,1,1,0,10,609,,0,0,0,0.0,0.0,,0,0,0,305
Ross Dwelley,20994,TE,DET,7,0,11,76.7,0,0,8,19.0,20.0,100.0,0,0,0,9,45,,0,0,0,0.0,0.0,,0,0,0,10
Brian Robinson,57120,HB,SF,19,0,28,18.5,0,2,8,9.4,9.8,87.5,0,2,0,9,92,5.1,0,1,1,3.0,2.9,50.0,1,0,1,35
Evan Hull,97302,HB,NO,6,0,20,27.5,0,1,8,18.2,18.4,81.2,0,2,1,9,49,26.4,0,0,4,25.0,29.4,75.0,1,1,5,17
Jordan Whittington,97623,WR,LA,18,1,26,43.2,1,0,9,3.6,3.4,83.3,1,2,1,9,265,,0,0,0,0.0,0.0,,0,0,0,115
James Conner,11860,HB,ARZ,3,0,1,29.2,0,0,7,14.6,16.4,100.0,0,0,0,9,55,52.4,0,0,3,21.4,25.0,100.0,0,0,4,16
Ameer Abdullah,9487,HB,IND,13,0,14,44.2,0,1,8,12.1,11.8,93.7,0,1,0,8,68,81.2,0,0,3,10.7,10.3,100.0,0,0,3,29
Lucas Patrick,11435,G,CIN,3,0,7,65.9,0,0,8,100.0,100.0,100.0,0,0,0,8,8,77.2,0,0,3,100.0,100.0,100.0,0,0,3,3
Brenden Jaimes,59909,C,NE,2,0,19,63.3,0,0,7,100.0,100.0,100.0,0,0,0,8,8,51.3,0,0,3,100.0,100.0,100.0,0,0,4,4
Brady Russell,60876,FB,SEA,6,0,29,59.6,0,0,8,61.5,61.5,100.0,0,0,0,8,13,,0,0,0,0.0,0.0,,0,0,0,1
Elijah Higgins,98027,TE,ARZ,17,0,1,41.0,0,1,8,2.6,2.5,93.7,2,1,0,8,325,66.8,0,0,1,0.7,0.7,100.0,0,0,1,147
Moliki Matavao,146561,TE,NO,4,0,20,74.7,0,0,7,24.1,25.0,100.0,0,0,0,8,32,,0,0,0,0.0,0.0,,0,0,0,8
Drake Dabney,122264,TE,GB,2,0,12,23.8,1,0,7,41.2,44.4,78.6,0,2,1,8,18,19.3,1,0,3,42.9,42.9,50.0,2,1,3,7
Pharaoh Brown,12247,TE,ARZ,7,0,1,52.2,0,1,7,25.9,28.6,92.9,0,1,0,8,28,30.8,0,1,1,16.7,16.7,50.0,1,0,1,6
Jarrett Kingston,81933,G,HST,2,0,13,64.1,0,0,8,100.0,100.0,100.0,0,0,0,8,8,74.1,0,0,1,100.0,100.0,100.0,0,0,1,1
Noah Fant,42388,TE,CIN,15,0,7,32.0,0,1,7,3.2,3.4,92.9,0,1,0,8,234,,0,0,0,0.0,0.0,,0,0,0,105
David Martin-Robinson,77892,TE,TEN,11,0,31,57.2,0,1,7,20.0,21.1,92.9,0,1,0,8,38,68.7,0,0,1,20.0,20.0,100.0,0,0,1,5
Sidy Sow,59675,G,HST,1,0,13,18.2,0,2,7,100.0,100.0,85.7,0,2,0,7,7,,0,0,0,,,,0,0,0,0
Trey Benson,131705,HB,ARZ,4,0,1,57.0,0,1,6,7.7,8.3,91.7,0,1,0,7,84,47.2,0,0,1,2.8,4.9,100.0,0,0,2,41
Connor Heyward,57301,TE,PIT,14,0,25,57.7,1,0,7,26.9,25.0,92.9,0,1,0,7,28,,0,0,0,0.0,0.0,,0,0,0,2
AJ Dillon,57165,HB,PHI,7,0,24,71.3,0,1,7,28.0,25.9,92.9,0,1,0,7,27,60.5,0,1,4,28.6,25.0,87.5,1,0,4,16
Jawhar Jordan,99595,HB,HST,4,0,13,80.5,0,0,6,19.4,20.6,100.0,0,0,0,7,34,75.7,0,0,1,11.1,9.1,100.0,0,0,1,11
Brandon Crenshaw-Dickson,101241,T,TEN,3,0,31,16.8,1,0,5,100.0,100.0,90.0,0,1,0,7,7,,0,0,0,,,,0,0,0,0
Ben Sims,77918,TE,MIN,6,0,18,75.6,0,0,6,15.0,16.7,100.0,0,0,0,7,42,66.6,0,0,1,12.5,11.1,100.0,0,0,1,9
Marcus Bryant,121917,T,NE,2,0,19,28.6,0,2,7,100.0,100.0,85.7,0,2,0,7,7,31.3,0,0,1,100.0,100.0,100.0,0,0,1,1
Terrance Ferguson,146563,TE,LA,15,0,26,76.9,0,0,6,2.9,3.1,100.0,0,0,0,7,225,72.7,0,0,0,0.0,1.1,,0,0,1,91
Tyrell Shavers,61107,WR,BUF,17,0,4,80.9,0,0,7,3.0,2.9,100.0,2,0,0,7,243,73.4,0,0,1,1.3,1.2,100.0,0,0,1,83
Elijah Arroyo,143933,TE,SEA,14,0,29,75.9,0,0,7,4.0,3.8,100.0,0,0,0,7,183,68.3,0,0,1,1.7,1.6,100.0,0,0,1,62
Stone Smartt,60492,TE,NYJ,7,0,22,22.4,0,0,7,11.1,11.1,100.0,0,0,0,7,63,37.9,0,0,3,7.9,7.9,100.0,0,0,3,38
Jaydon Blue,157303,HB,DAL,5,0,9,82.1,0,0,6,20.0,19.4,100.0,0,0,0,6,31,73.4,0,0,1,11.1,10.0,100.0,0,0,1,10
Giovanni Ricci,13756,TE,DET,3,0,11,18.3,0,3,6,40.0,40.0,75.0,0,3,0,6,15,49.9,0,1,1,50.0,50.0,50.0,1,0,1,2
Keaton Mitchell,123826,HB,BLT,12,0,3,22.2,0,1,6,11.1,10.5,91.7,0,1,0,6,57,26.7,0,0,2,12.5,11.1,100.0,0,0,2,18
Andrew Beck,47121,FB,NYJ,14,0,22,20.3,1,0,6,17.1,16.7,91.7,0,1,0,6,36,5.3,0,0,0,0.0,0.0,,0,0,0,5
D'Ernest Johnson,45734,HB,NE,6,0,19,22.5,2,0,6,26.1,23.1,83.3,0,2,0,6,26,14.3,2,0,4,28.6,26.7,75.0,2,0,4,15
Tyler Conklin,47124,TE,LAC,8,1,27,73.6,0,0,6,6.7,6.2,100.0,1,0,0,6,97,69.3,0,0,1,2.5,2.3,100.0,0,0,1,44
Braelon Allen,145159,HB,NYJ,4,0,22,83.9,0,0,6,23.1,21.4,100.0,0,0,0,6,28,83.1,0,0,4,26.7,23.5,100.0,0,0,4,17
Jalen Nailor,84292,WR,MIN,17,0,18,66.4,0,1,5,1.2,1.1,90.0,0,1,0,5,451,,0,0,0,0.0,0.0,,0,0,0,247
Taysom Hill,12112,TE,NO,13,0,20,41.0,0,0,4,4.3,5.1,100.0,2,0,0,5,99,75.7,0,0,0,0.0,2.2,,0,0,1,45
David Sills V,34579,WR,ATL,17,0,2,70.6,0,0,3,0.9,1.4,100.0,1,0,0,5,354,,0,0,0,0.0,0.0,,0,0,0,204
Devaughn Vele,100637,WR,NO,13,0,20,72.3,0,0,5,2.0,1.9,80.0,1,1,1,5,267,,0,0,0,0.0,0.0,,0,0,0,146
Jovaughn Gwyn,81839,G,ATL,2,0,2,79.0,0,0,5,100.0,100.0,100.0,0,0,0,5,5,76.3,0,0,2,100.0,100.0,100.0,0,0,2,2
Greg Dulcich,84068,TE,MIA,10,0,17,28.3,0,0,5,3.4,3.2,100.0,0,0,0,5,156,28.2,0,0,1,2.1,2.1,100.0,0,0,1,47
Nick Vannett,10728,TE,LA,3,0,26,32.6,0,0,5,33.3,33.3,100.0,0,0,0,5,15,9.2,0,0,1,25.0,25.0,100.0,0,0,1,4
Jaleel McLaughlin,138346,HB,DEN,10,0,10,79.7,0,0,5,10.9,10.9,100.0,0,0,0,5,46,76.9,0,0,2,15.4,15.4,100.0,0,0,2,13
Xavier Hutchinson,122518,WR,HST,19,0,13,74.2,0,1,4,0.8,1.0,87.5,1,1,0,5,510,,0,0,0,0.0,0.0,,0,0,0,256
Keleki Latu,146291,TE,BUF,5,0,4,70.5,0,0,5,11.9,11.4,100.0,0,0,0,5,44,,0,0,0,0.0,0.0,,0,0,0,16
Ty Chandler,62942,HB,MIN,2,0,18,66.0,1,0,4,20.0,22.7,87.5,0,1,0,5,22,79.1,0,0,1,20.0,33.3,100.0,0,0,2,6
Zach Ertz,7816,TE,WAS,13,0,32,30.9,0,2,5,1.4,1.2,80.0,0,2,0,5,408,37.0,0,1,1,0.5,0.5,50.0,1,0,1,208
Amari Kight,99064,T,SEA,3,0,29,58.8,0,0,5,100.0,100.0,100.0,0,0,0,5,5,27.5,0,0,1,100.0,100.0,100.0,0,0,1,1
Amon-Ra St. Brown,84470,WR,DET,17,0,11,79.0,0,1,4,0.7,0.8,87.5,1,1,0,5,594,,0,0,0,0.0,0.0,,0,0,0,266
Olamide Zaccheaus,44920,WR,CHI,18,0,6,76.5,0,0,5,1.4,1.3,100.0,1,0,0,5,385,,0,0,0,0.0,0.0,,0,0,0,190
DJ Giddens,144595,HB,IND,6,0,14,15.4,0,3,5,18.5,17.2,70.0,0,3,0,5,29,9.5,0,2,2,33.3,33.3,50.0,2,0,2,6
Najee Harris,57121,HB,LAC,3,0,27,26.2,0,1,5,21.7,20.8,90.0,0,1,0,5,24,26.2,0,1,5,35.7,33.3,90.0,1,0,5,15
Michael Niese,108444,C,DET,2,0,11,75.3,0,0,5,100.0,100.0,100.0,0,0,0,5,5,74.8,0,0,3,100.0,100.0,100.0,0,0,3,3
Ben Skowronek,27948,WR,PIT,15,0,25,76.0,0,0,4,6.5,6.3,100.0,0,0,0,4,64,,0,0,0,0.0,0.0,,0,0,0,14
Raheim Sanders,146626,HB,CLV,3,0,8,77.5,0,0,4,17.4,16.7,100.0,0,0,0,4,24,74.4,0,0,1,16.7,16.7,100.0,0,0,1,6
Hayden Rucci,101680,TE,DET,4,0,11,75.1,0,0,4,40.0,40.0,100.0,0,0,0,4,10,,0,0,0,,,,0,0,0,0
Jauan Jennings,48027,WR,SF,17,0,28,64.0,0,1,4,0.8,0.7,87.5,2,1,0,4,556,,0,0,0,0.0,0.0,,0,0,0,299
Nick Westbrook-Ikhine,47861,WR,MIA,14,0,17,70.7,0,0,4,1.8,1.7,100.0,0,0,0,4,235,,0,0,0,0.0,0.0,,0,0,0,82
DeeJay Dallas,55632,HB,JAX,3,0,15,22.8,0,2,4,23.5,23.5,75.0,0,2,0,4,17,10.4,0,2,2,22.2,22.2,50.0,2,0,2,9
Donovan Jennings,86861,G,GB,1,0,12,77.0,0,0,4,100.0,100.0,100.0,0,0,0,4,4,76.3,0,0,3,100.0,100.0,100.0,0,0,3,3
Dontayvion Wicks,99711,WR,GB,14,0,12,79.4,0,0,4,1.7,1.6,100.0,0,0,0,4,253,,0,0,0,0.0,0.0,,0,0,0,128
Trevor Keegan,101544,G,DAL,1,0,9,77.3,0,0,4,100.0,100.0,100.0,0,0,0,4,4,74.1,0,0,1,100.0,100.0,100.0,0,0,1,1
Antonio Gibson,78050,HB,NE,5,0,19,78.2,0,0,4,18.2,17.4,100.0,0,0,0,4,23,,0,0,0,0.0,0.0,,0,0,0,3
Jelani Woods,60509,TE,NYJ,3,0,22,73.0,0,0,4,17.4,16.7,100.0,0,0,0,4,24,,0,0,0,0.0,0.0,,0,0,0,7
Trent Sherfield,48021,WR,ARZ,12,0,1,77.8,0,0,4,4.9,4.5,100.0,2,0,0,4,88,,0,0,0,0.0,0.0,,0,0,0,29
Adin Huntington,130493,DI,CLV,3,1,8,51.0,0,0,4,80.0,80.0,100.0,1,0,0,4,5,,0,0,0,,,,0,0,0,0
Chris Godwin,11839,WR,TB,9,0,30,77.5,0,0,4,1.5,1.4,100.0,0,0,0,4,294,,0,0,0,0.0,0.0,,0,0,0,154
James Mitchell,77885,TE,CAR,5,0,5,73.6,0,0,3,16.7,20.0,100.0,0,0,0,4,20,,0,0,0,0.0,0.0,,0,0,0,5
Drake London,86519,WR,ATL,12,0,2,75.3,0,0,4,1.0,1.0,100.0,1,0,0,4,421,,0,0,0,0.0,0.0,,0,0,0,217
Jalen Coker,143068,WR,CAR,12,0,5,73.1,0,0,3,0.9,0.9,100.0,0,0,0,3,349,,0,0,0,0.0,0.0,,0,0,0,183
Dalton Kincaid,91791,TE,BUF,14,0,4,25.1,0,0,3,1.2,1.1,100.0,0,0,0,3,272,,0,0,0,0.0,0.0,,0,0,0,137
Dylan Laube,88664,HB,LV,3,0,23,2.8,0,2,3,16.7,16.7,33.3,0,3,1,3,18,2.8,0,2,3,21.4,21.4,33.3,3,1,3,14
Jared Wiley,98508,TE,KC,4,0,16,73.6,0,0,3,21.4,20.0,100.0,0,0,0,3,15,70.2,0,0,1,20.0,20.0,100.0,0,0,1,5
Corey Kiner,86392,HB,ARZ,4,0,1,12.8,0,1,2,11.8,16.7,75.0,0,1,0,3,18,3.6,0,1,1,12.5,12.5,50.0,1,0,1,8
Khalil Shakir,84140,WR,BUF,18,0,4,38.8,0,0,3,0.6,0.6,100.0,1,0,0,3,519,16.4,0,0,1,0.4,0.4,100.0,0,0,1,275
Colson Yankoff,83589,TE,WAS,13,1,32,23.2,0,1,2,4.7,5.9,75.0,1,1,0,3,51,,0,0,0,0.0,0.0,,0,0,0,12
Ryan Miller,78734,WR,NYG,12,0,21,75.2,0,0,3,8.8,8.3,100.0,0,0,0,3,36,,0,0,0,0.0,0.0,,0,0,0,11
Jake Bobo,77997,WR,SEA,14,0,29,32.3,0,0,2,3.4,4.9,100.0,1,0,0,3,61,,0,0,0,0.0,0.0,,0,0,0,27
Terrell Jennings,102408,HB,NE,4,0,19,74.6,0,0,3,42.9,42.9,100.0,0,0,0,3,7,,0,0,0,0.0,0.0,,0,0,0,2
Xavier Smith,102585,WR,LA,17,1,26,68.5,0,0,3,1.7,1.6,100.0,2,0,0,3,193,67.9,0,0,2,2.2,2.1,100.0,0,0,2,97
Julius Chestnut,109239,HB,TEN,7,0,31,26.3,0,0,3,13.6,13.6,100.0,0,0,0,3,22,3.1,0,0,0,0.0,0.0,,0,0,0,7
Andrei Iosivas,109811,WR,CIN,17,0,7,74.8,0,0,3,0.5,0.5,100.0,0,0,0,3,584,,0,0,0,0.0,0.0,,0,0,0,328
Tahj Brooks,123133,HB,CIN,7,0,7,2.9,0,2,3,13.0,13.0,66.7,0,2,0,3,23,7.7,0,2,3,27.3,27.3,66.7,2,0,3,11
Ronnie Rivers,57208,HB,LA,3,0,26,56.0,0,1,3,33.3,30.0,83.3,0,1,0,3,10,46.3,0,1,2,28.6,28.6,75.0,1,0,2,7
Lil'Jordan Humphrey,42247,WR,DEN,12,0,10,76.7,0,0,3,1.2,1.2,100.0,0,0,0,3,254,,0,0,0,0.0,0.0,,0,0,0,125
Ko Kieft,41372,TE,TB,2,0,30,73.1,0,0,3,42.9,42.9,100.0,0,0,0,3,7,,0,0,0,,,,0,0,0,0
Jack Bech,146771,WR,LV,15,0,23,72.6,0,0,3,1.5,1.4,100.0,0,0,0,3,210,,0,0,0,0.0,0.0,,0,0,0,114
Jayden Higgins,150240,WR,HST,19,1,13,34.7,0,1,2,0.5,0.7,75.0,2,1,0,3,457,,0,0,0,0.0,0.0,,0,0,0,196
Tim Patrick,12087,WR,JAX,16,0,15,60.2,1,0,3,1.7,1.6,83.3,0,1,0,3,185,,0,0,0,0.0,0.0,,0,0,0,96
Mack Hollins,11873,WR,NE,17,1,19,72.2,0,0,3,0.8,0.7,100.0,2,0,0,3,417,,0,0,0,0.0,0.0,,0,0,0,199
Cooper Kupp,11824,WR,SEA,19,0,29,55.1,0,1,3,0.6,0.6,83.3,0,1,0,3,534,,0,0,0,0.0,0.0,,0,0,0,247
JuJu Smith-Schuster,11817,WR,KC,17,1,16,72.8,0,0,3,0.8,0.7,100.0,4,0,0,3,413,,0,0,0,0.0,0.0,,0,0,0,167
Sterling Shepard,10674,WR,TB,13,0,30,78.1,0,0,2,0.6,0.8,100.0,1,0,0,3,382,,0,0,0,0.0,0.0,,0,0,0,214
Efton Chism III,141521,WR,NE,8,0,19,71.8,0,0,2,4.5,4.3,100.0,0,0,0,2,47,,0,0,0,0.0,0.0,,0,0,0,20
Stefon Diggs,9579,WR,NE,21,0,19,75.4,0,0,2,0.4,0.3,100.0,3,0,0,2,576,,0,0,0,0.0,0.0,,0,0,0,325
Sean McKeon,42266,TE,IND,1,0,14,45.1,0,0,1,25.0,40.0,100.0,0,0,0,2,5,,0,0,0,,,,0,0,0,0
Tyler Johnson,48054,WR,NYJ,11,0,22,24.4,0,1,1,0.6,1.1,50.0,0,1,0,2,176,,0,0,0,0.0,0.0,,0,0,0,105
Brashard Smith,143951,HB,KC,17,0,16,73.2,0,0,2,1.8,1.8,100.0,0,0,0,2,114,,0,0,0,0.0,0.0,,0,0,0,41
Ryan McCollum,41974,C,PIT,2,0,25,72.7,0,0,1,100.0,100.0,100.0,0,0,0,2,2,,0,0,0,,,,0,0,0,0
Josiah Deguara,47034,TE,ARZ,10,0,1,68.3,0,0,2,3.4,3.3,100.0,0,0,0,2,61,,0,0,0,0.0,0.0,,0,0,0,22
Tre Harris,122676,WR,LAC,18,0,27,67.7,0,0,2,0.6,0.6,100.0,1,0,0,2,328,,0,0,0,0.0,0.0,,0,0,0,125
Caedan Wallace,98427,G,NE,1,0,19,77.8,0,0,2,100.0,100.0,100.0,0,0,0,2,2,77.8,0,0,2,100.0,100.0,100.0,0,0,2,2
DJ Moore,48267,WR,CHI,19,0,6,74.7,0,0,2,0.3,0.3,100.0,4,0,0,2,683,,0,0,0,0.0,0.0,,0,0,0,312
Rome Odunze,73774,WR,CHI,14,0,6,67.6,0,1,2,0.4,0.4,75.0,2,1,0,2,521,,0,0,0,0.0,0.0,,0,0,0,242
Stephen Carlson,94365,TE,CHI,2,0,6,45.9,0,0,2,28.6,25.0,100.0,0,0,0,2,8,,0,0,0,0.0,0.0,,0,0,0,2
Kene Nwangwu,40547,HB,NYJ,3,0,22,6.1,0,1,2,13.3,13.3,75.0,0,1,0,2,15,6.1,0,1,2,50.0,50.0,75.0,1,0,2,4
Mitchell Tinsley,123470,WR,CIN,17,0,7,67.6,0,0,2,1.3,1.3,100.0,0,0,0,2,158,,0,0,0,0.0,0.0,,0,0,0,70
Dameon Pierce,83659,HB,KC,2,0,16,7.1,1,0,2,22.2,22.2,75.0,0,1,0,2,9,0.0,1,0,1,33.3,33.3,50.0,1,0,1,3
Kevin Austin Jr.,84345,WR,NO,7,0,20,77.4,0,0,2,1.3,1.2,100.0,0,0,0,2,161,65.7,0,0,1,1.4,1.3,100.0,0,0,1,76
Kalel Mullings,129590,HB,TEN,2,0,31,77.0,0,0,2,40.0,40.0,100.0,0,0,0,2,5,75.7,0,0,1,50.0,50.0,100.0,0,0,1,2
Malik Heath,124173,WR,ATL,11,0,2,54.0,0,0,2,1.9,1.9,100.0,1,0,0,2,107,,0,0,0,0.0,0.0,,0,0,0,47
Kaleb Johnson,156419,HB,PIT,9,0,25,8.4,0,0,2,11.1,11.1,100.0,0,0,0,2,18,,0,0,0,0.0,0.0,,0,0,0,3
Kayshon Boutte,124087,WR,NE,18,0,19,74.5,0,0,1,0.2,0.4,100.0,2,0,0,2,523,,0,0,0,0.0,0.0,,0,0,0,281
Treyton Welch,98097,TE,NO,3,0,20,80.5,0,0,2,22.2,22.2,100.0,0,0,0,2,9,,0,0,0,,,,0,0,0,0
Allen Lazard,48135,WR,NYJ,10,0,22,76.2,0,0,2,1.3,1.2,100.0,1,0,0,2,173,,0,0,0,0.0,0.0,,0,0,0,104
Khyiris Tonga,52000,DI,NE,1,0,19,78.0,0,0,2,100.0,100.0,100.0,0,0,0,2,2,,0,0,0,,,,0,0,0,0
Cam Grandy,134552,TE,CIN,4,0,7,77.0,0,0,0,0.0,28.6,,0,0,0,2,7,,0,0,0,0.0,0.0,,0,0,0,1
Caleb Williams,144622,QB,CHI,19,0,6,62.2,0,0,1,0.1,0.1,100.0,5,0,0,1,785,,0,0,0,0.0,0.0,,0,0,0,343
Nico Collins,61441,WR,HST,16,1,13,68.1,0,0,1,0.2,0.2,100.0,2,0,0,1,545,,0,0,0,0.0,0.0,,0,0,0,249
Bo Melton,61610,WR,GB,9,1,12,68.8,0,0,1,2.0,1.9,100.0,1,0,0,1,53,68.8,0,0,1,3.4,3.3,100.0,0,0,1,30
Darren Waller,9637,TE,MIA,9,0,17,62.4,0,0,1,0.6,0.6,100.0,0,0,0,1,171,,0,0,0,0.0,0.0,,0,0,0,75
Pat Bryant,144800,WR,DEN,17,1,10,64.9,0,0,1,0.3,0.3,100.0,4,0,0,1,334,,0,0,0,0.0,0.0,,0,0,0,160
CJ Dippre,144888,TE,NE,2,0,19,72.7,0,0,1,20.0,16.7,100.0,0,0,0,1,6,,0,0,0,0.0,0.0,,0,0,0,3
Keon Coleman,144949,WR,BUF,15,1,4,60.9,0,0,1,0.3,0.3,100.0,3,0,0,1,378,,0,0,0,0.0,0.0,,0,0,0,175
Josh Sills,41748,G,IND,1,0,14,72.5,0,0,1,100.0,100.0,100.0,0,0,0,1,1,72.5,0,0,1,100.0,100.0,100.0,0,0,1,1
Thomas Fidone II,144997,TE,NYG,2,0,21,74.1,0,0,1,8.3,8.3,100.0,0,0,0,1,12,74.1,0,0,1,16.7,16.7,100.0,0,0,1,6
Emeka Egbuka,145055,WR,TB,17,1,30,65.7,0,0,1,0.2,0.2,100.0,2,0,0,1,583,,0,0,0,0.0,0.0,,0,0,0,288
Ben Cleveland,41696,G,BLT,1,0,3,66.4,0,0,1,100.0,100.0,100.0,0,0,0,1,1,,0,0,0,,,,0,0,0,0
Tim Jones,61669,WR,JAX,4,0,15,62.4,0,0,1,9.1,9.1,100.0,0,0,0,1,11,,0,0,0,0.0,0.0,,0,0,0,9
JT Tuimoloau,145074,ED,IND,1,0,14,62.7,0,0,1,100.0,100.0,100.0,1,0,0,1,1,,0,0,0,,,,0,0,0,0
Kobe King,145097,LB,NYJ,1,0,22,62.7,0,0,1,100.0,100.0,100.0,0,0,0,1,1,,0,0,0,,,,0,0,0,0
Christian Elliss,61853,LB,NE,1,0,19,62.7,0,0,1,100.0,100.0,100.0,1,0,0,1,1,,0,0,0,,,,0,0,0,0
Aaron Brewer,7301,LS,ARZ,1,0,1,61.5,0,0,1,100.0,100.0,100.0,0,0,0,1,1,,0,0,0,,,,0,0,0,0
Rashid Shaheed,63707,WR,SEA,21,0,29,62.3,0,0,1,0.2,0.2,100.0,0,0,0,1,595,,0,0,0,0.0,0.0,,0,0,0,291
Christian Watson,66581,WR,GB,11,0,12,65.5,0,0,1,0.4,0.3,100.0,0,0,0,1,297,,0,0,0,0.0,0.0,,0,0,0,139
Velus Jones Jr.,40573,HB,SEA,1,0,29,65.8,0,0,1,33.3,33.3,100.0,0,0,0,1,3,,0,0,0,0.0,0.0,,0,0,0,1
Tanner Hudson,66924,TE,CIN,12,0,7,64.9,0,0,1,0.9,0.9,100.0,0,0,0,1,116,,0,0,0,0.0,0.0,,0,0,0,80
Zaven Collins,77190,ED,ARZ,1,0,1,62.7,0,0,1,100.0,100.0,100.0,0,0,0,1,1,,0,0,0,,,,0,0,0,0
Brock Purdy,77672,QB,SF,11,1,28,60.9,0,0,1,0.3,0.2,100.0,1,0,0,1,406,,0,0,0,0.0,0.0,,0,0,0,215
Akeem Davis-Gaither,34788,LB,ARZ,1,0,1,62.7,0,0,1,100.0,100.0,100.0,0,0,0,1,1,,0,0,0,,,,0,0,0,0
Rex Sunahara,34769,LS,CLV,1,0,8,50.1,0,0,1,100.0,100.0,100.0,0,0,0,1,1,,0,0,0,,,,0,0,0,0
Corey Bullock,108855,C,BLT,1,0,3,69.6,0,0,1,100.0,100.0,100.0,0,0,0,1,1,,0,0,0,,,,0,0,0,0
Jarius Monroe,103580,S,NYJ,1,0,22,63.8,0,0,1,100.0,100.0,100.0,0,0,0,1,1,,0,0,0,,,,0,0,0,0
Isaiah Williams,97156,WR,NYJ,11,0,22,62.4,0,0,1,0.5,0.5,100.0,0,0,0,1,220,,0,0,0,0.0,0.0,,0,0,0,125
Jaylen Wright,146934,HB,MIA,9,0,17,5.3,0,1,1,2.4,2.3,50.0,0,1,0,1,44,,0,0,0,0.0,0.0,,0,0,0,4
Will Mallory,77888,TE,IND,2,0,14,69.3,0,0,1,12.5,12.5,100.0,0,0,0,1,8,,0,0,0,0.0,0.0,,0,0,0,4
Michael Pittman Jr.,29049,WR,IND,17,1,14,69.3,0,0,1,0.2,0.2,100.0,4,0,0,1,575,,0,0,0,0.0,0.0,,0,0,0,260
Wan'Dale Robinson,101735,WR,NYG,16,1,21,39.6,0,1,1,0.2,0.2,50.0,3,1,0,1,588,,0,0,0,0.0,0.0,,0,0,0,284
Brayden Willis,77917,TE,SF,4,0,28,66.5,0,0,1,16.7,16.7,100.0,0,0,0,1,6,,0,0,0,0.0,0.0,,0,0,0,2
Darius Slayton,25578,WR,NYG,14,0,21,65.9,0,0,1,0.2,0.2,100.0,3,0,0,1,466,,0,0,0,0.0,0.0,,0,0,0,209
Tyler Goodson,101659,HB,IND,8,0,14,75.0,0,0,1,4.5,4.2,100.0,0,0,0,1,24,75.0,0,0,1,8.3,8.3,100.0,0,0,1,12
Zach Horton,148361,TE,DET,2,0,11,9.8,0,0,1,50.0,50.0,100.0,0,0,0,1,2,,0,0,0,,,,0,0,0,0
Adam Thielen,8288,WR,PIT,17,1,25,62.3,0,0,1,0.4,0.4,100.0,2,0,0,1,278,,0,0,0,0.0,0.0,,0,0,0,124
Jayden Reed,78171,WR,GB,8,0,12,65.9,0,0,0,0.0,0.6,,1,0,0,1,156,,0,0,0,0.0,0.0,,0,0,0,76
Cam Jones,81244,LB,NYJ,1,0,22,62.7,0,0,1,100.0,100.0,100.0,0,0,0,1,1,,0,0,0,,,,0,0,0,0
Matthew Golden,156165,WR,GB,15,0,12,66.4,0,0,1,0.3,0.3,100.0,0,0,0,1,310,66.4,0,0,1,0.7,0.7,100.0,0,0,1,144
Jahan Dotson,84375,WR,PHI,18,0,24,52.8,0,1,1,0.2,0.2,50.0,0,1,0,1,462,52.8,0,1,1,0.4,0.4,50.0,1,0,1,267
Thomas Hennessy,12124,LS,NYJ,1,0,22,61.5,0,0,1,100.0,100.0,100.0,0,0,0,1,1,,0,0,0,,,,0,0,0,0
Michael Wilson,84423,WR,ARZ,17,0,1,46.8,0,0,1,0.2,0.1,100.0,1,0,0,1,675,,0,0,0,0.0,0.0,,0,0,0,370
Isaac TeSlaa,172430,WR,DET,17,0,11,65.7,0,0,1,0.3,0.3,100.0,1,0,0,1,312,,0,0,0,0.0,0.0,,0,0,0,156
David Moore,11981,WR,CAR,3,0,5,65.4,0,0,1,2.6,2.4,100.0,0,0,0,1,42,,0,0,0,0.0,0.0,,0,0,0,18
Keenan Allen,7857,WR,LAC,18,0,27,64.9,0,0,1,0.2,0.2,100.0,0,0,0,1,524,,0,0,0,0.0,0.0,,0,0,0,299
Brycen Tremayne,84425,WR,CAR,17,0,5,61.6,0,0,1,0.9,0.8,100.0,0,0,0,1,125,,0,0,0,0.0,0.0,,0,0,0,52
Trevor Etienne,157730,HB,CAR,10,0,5,69.2,0,0,1,4.8,4.3,100.0,0,0,0,1,23,,0,0,0,0.0,0.0,,0,0,0,4
Owen Pappoe,99006,LB,ARZ,1,0,1,63.8,0,0,1,100.0,100.0,100.0,0,0,0,1,1,,0,0,0,,,,0,0,0,0
Daniel Hardy,91336,ED,CHI,1,1,6,66.3,0,0,1,100.0,100.0,100.0,1,0,0,1,1,,0,0,0,,,,0,0,0,0
Adetomiwa Adebawore,97934,DI,IND,1,0,14,62.7,0,0,1,100.0,100.0,100.0,0,0,0,1,1,,0,0,0,,,,0,0,0,0
John Metchie III,97400,WR,NYJ,15,0,22,68.1,0,0,1,0.4,0.4,100.0,0,0,0,1,264,,0,0,0,0.0,0.0,,0,0,0,123
Ashton Dulin,91479,WR,IND,11,0,14,65.7,0,0,1,1.3,1.2,100.0,0,0,0,1,83,,0,0,0,0.0,0.0,,0,0,0,23
Luke Rhodes,10940,LS,IND,1,0,14,61.5,0,0,1,100.0,100.0,100.0,0,0,0,1,1,,0,0,0,,,,0,0,0,0
Jordan James,163295,HB,SF,1,0,28,65.8,0,0,1,14.3,14.3,100.0,0,0,0,1,7,,0,0,0,0.0,0.0,,0,0,0,5
Rashee Rice,97605,WR,KC,8,0,16,65.2,0,0,1,0.4,0.3,100.0,1,0,0,1,288,65.2,0,0,1,0.8,0.7,100.0,0,0,1,141
Kendall Lamm,10017,T,MIA,1,0,17,68.6,0,0,1,100.0,100.0,100.0,0,0,0,1,1,,0,0,0,,,,0,0,0,0
Mason Richman,129479,T,SEA,1,0,29,64.9,0,0,1,100.0,100.0,100.0,0,0,0,1,1,,0,0,0,,,,0,0,0,0
Elijah Mitchell,57272,HB,KC,1,0,16,70.4,0,0,1,20.0,14.3,100.0,0,0,0,1,7,70.4,0,0,1,33.3,20.0,100.0,0,0,1,5
Kyle Williams,128374,WR,NE,21,0,19,65.7,0,0,1,0.4,0.4,100.0,0,0,0,1,240,,0,0,0,0.0,0.0,,0,0,0,123
Segun Olubi,128312,LB,IND,1,0,14,62.7,0,0,1,100.0,100.0,100.0,0,0,0,1,1,,0,0,0,,,,0,0,0,0
Tory Horton,128232,WR,SEA,8,0,29,62.4,0,0,1,0.7,0.7,100.0,0,0,0,1,149,,0,0,0,0.0,0.0,,0,0,0,74
Isaiah Hodgins,52130,WR,NYG,7,0,21,67.5,0,0,1,0.5,0.4,100.0,0,0,0,1,224,,0,0,0,0.0,0.0,,0,0,0,106
Jahlani Tavai,51055,LB,NE,1,0,19,62.7,0,0,1,100.0,100.0,100.0,1,0,0,1,1,,0,0,0,,,,0,0,0,0
Owen Wright,57486,HB,TB,1,0,30,73.0,0,0,1,50.0,50.0,100.0,0,0,0,1,2,,0,0,0,,,,0,0,0,0
Deebo Samuel,48274,WR,WAS,16,1,32,61.8,0,0,1,0.2,0.2,100.0,3,0,0,1,479,,0,0,0,0.0,0.0,,0,0,0,210
Jack Gibbens,57662,LB,NE,1,1,19,63.8,0,0,1,100.0,100.0,100.0,2,0,0,1,1,,0,0,0,,,,0,0,0,0
Nyheim Miller-Hines,48103,HB,NO,4,0,20,72.4,0,0,1,20.0,20.0,100.0,0,0,0,1,5,72.4,0,0,1,25.0,25.0,100.0,0,0,1,4
Mykal Walker,57834,LB,NYJ,1,0,22,62.7,0,0,1,100.0,100.0,100.0,0,0,0,1,1,,0,0,0,,,,0,0,0,0
K'Lavon Chaisson,57945,ED,NE,1,2,19,62.7,0,0,1,100.0,100.0,100.0,3,0,0,1,1,,0,0,0,,,,0,0,0,0
Ray-Ray McCloud III,47895,WR,NYG,6,0,21,65.1,0,0,1,0.7,0.7,100.0,1,0,0,1,141,,0,0,0,0.0,0.0,,0,0,0,83
Darius Cooper,136866,WR,PHI,14,0,24,66.2,0,0,1,0.9,0.9,100.0,2,0,0,1,116,,0,0,0,0.0,0.0,,0,0,0,58
Arian Smith,124039,WR,NYJ,16,1,22,65.6,0,0,1,0.4,0.4,100.0,1,0,0,1,258,,0,0,0,0.0,0.0,,0,0,0,151
Ladd McConkey,124030,WR,LAC,17,1,27,38.3,0,1,1,0.2,0.2,50.0,2,1,0,1,636,,0,0,0,0.0,0.0,,0,0,0,318
KaVontae Turpin,47658,WR,DAL,15,1,9,67.1,0,0,1,0.4,0.4,100.0,1,0,0,1,267,,0,0,0,0.0,0.0,,0,0,0,137
Julian Ashby,139018,LS,NE,1,0,19,61.5,0,0,1,100.0,100.0,100.0,0,0,0,1,1,,0,0,0,,,,0,0,0,0
Jakobi Meyers,47468,WR,JAX,17,0,15,36.3,0,1,1,0.2,0.2,50.0,1,1,0,1,595,,0,0,0,0.0,0.0,,0,0,0,331
Carson Vinson,142734,T,BLT,1,0,3,74.7,0,0,1,100.0,100.0,100.0,0,0,0,1,1,,0,0,0,,,,0,0,0,0
Elijah Ponder,142819,ED,NE,1,0,19,63.8,0,0,1,100.0,100.0,100.0,0,0,0,1,1,,0,0,0,,,,0,0,0,0
Mike Gesicki,47153,TE,CIN,13,0,7,26.0,0,0,1,0.4,0.4,100.0,0,0,0,1,268,61.6,0,0,1,0.7,0.6,100.0,0,0,1,161
Zach Davidson,143780,TE,NYG,1,0,21,67.2,0,0,1,100.0,100.0,100.0,0,0,0,1,1,,0,0,0,,,,0,0,0,0
Sal Cannella,60853,TE,CLV,2,0,8,71.6,0,0,1,4.8,4.5,100.0,0,0,0,1,22,71.6,0,0,1,5.9,5.6,100.0,0,0,1,18
Tez Johnson,123709,WR,TB,16,0,30,62.4,0,0,1,0.3,0.3,100.0,1,0,0,1,318,,0,0,0,0.0,0.0,,0,0,0,150
Travis Vokolek,61004,TE,ARZ,3,0,1,42.8,0,0,1,14.3,12.5,100.0,0,0,0,1,8,,0,0,0,0.0,0.0,,0,0,0,2
Travis Homer,45859,HB,CHI,1,0,6,75.0,0,0,0,0.0,20.0,,0,0,0,1,5,75.0,0,0,0,0.0,33.3,,0,0,1,3
Tee Higgins,61211,WR,CIN,15,1,7,67.5,0,0,1,0.2,0.2,100.0,1,0,0,1,554,,0,0,0,0.0,0.0,,0,0,0,298
James Daniels,45576,G,MIA,1,0,17,71.0,0,0,1,100.0,100.0,100.0,0,0,0,1,1,,0,0,0,,,,0,0,0,0
Justin Jefferson,61398,WR,MIN,17,0,18,69.0,0,0,1,0.2,0.2,100.0,0,0,0,1,592,,0,0,0,0.0,0.0,,0,0,0,290
