player,player_id,position,team_name,player_game_count,assists,avg_depth_of_tackle,declined_penalties,forced_fumbles,franchise_id,grades_coverage_defense,grades_defense,grades_defense_penalty,grades_pass_rush_defense,grades_run_defense,grades_tackle,missed_tackle_rate,missed_tackles,penalties,run_stop_opp,snap_counts_run,stop_percent,stops,tackles
Calais Campbell,4364,DI,ARZ,17,8,2.0,1,0,1,69.2,72.2,73.1,65.1,69.2,35.5,11.8,4,1,178,183,9.0,16,22
Brandon Graham,5538,ED,PHI,9,2,2.3,0,0,24,60.0,58.0,80.8,58.5,59.9,29.8,16.7,1,0,51,51,5.9,3,3
Jason Pierre-Paul,5540,ED,TB,3,0,,0,0,30,61.8,37.2,77.1,57.4,28.7,20.3,100.0,2,0,12,13,0.0,0,0
Von Miller,6154,ED,WAS,17,1,3.9,0,0,32,47.1,64.4,70.4,62.4,67.2,47.7,20.0,3,1,117,119,6.8,8,11
Cameron Jordan,6176,ED,NO,17,7,2.5,0,0,20,76.9,76.0,88.3,59.5,82.1,73.0,0.0,0,0,229,235,7.9,18,25
Cameron Heyward,6183,DI,PIT,18,20,2.8,1,1,25,67.2,90.4,50.4,85.6,84.4,69.8,2.9,2,4,328,335,10.4,34,47
Nick Bellore,6515,LB,WAS,2,2,,0,0,32,,39.7,68.5,,46.8,75.0,0.0,0,0,8,8,0.0,0,0
Bobby Wagner,7050,LB,WAS,17,42,4.4,1,0,32,51.1,78.6,48.5,92.4,90.3,90.5,3.5,4,2,457,467,7.7,35,69
Lavonte David,7060,LB,TB,17,21,2.6,1,0,30,45.1,52.6,86.6,48.6,66.2,48.3,7.1,4,3,343,352,6.7,23,31
Demario Davis,7079,LB,NO,17,29,3.7,0,1,20,70.3,81.4,70.5,57.4,88.9,67.1,9.3,10,2,475,492,8.2,39,69
Harrison Smith,7641,S,MIN,15,6,9.4,0,0,18,69.0,68.9,63.5,71.5,61.7,45.6,21.4,6,2,351,361,1.1,4,16
Darius Slay,7817,CB,PIT,10,1,6.1,0,0,25,58.6,58.3,84.9,60.0,54.2,50.6,30.8,4,0,167,168,1.8,3,8
John Jenkins,7863,DI,BLT,17,9,2.2,0,0,3,59.9,64.7,74.2,66.3,60.3,52.8,7.7,3,1,257,265,8.2,21,27
Jordan Poyer,8000,S,BUF,11,14,8.1,0,0,4,62.8,68.6,81.3,71.7,71.5,63.3,8.7,4,1,223,225,3.1,7,28
Tony Jefferson,8361,S,LAC,14,8,9.9,0,0,27,72.6,70.8,35.3,71.7,61.0,60.7,17.9,5,1,173,175,3.5,6,15
Jadeveon Clowney,8636,ED,DAL,13,3,2.3,1,0,9,62.9,79.2,25.7,80.6,70.6,54.1,6.9,2,4,137,141,12.4,17,24
Khalil Mack,8640,ED,LAC,13,5,1.7,0,0,27,74.7,79.2,88.1,67.5,77.2,55.9,8.3,2,0,160,167,9.4,15,17
DeMarcus Lawrence,8669,ED,SEA,19,12,2.1,1,2,29,84.9,82.1,82.2,64.5,83.7,33.0,11.1,5,2,236,242,8.9,21,28
Kyle Van Noy,8675,ED,BLT,15,3,0.6,0,0,3,83.2,61.7,57.4,51.8,72.5,53.9,8.3,1,2,102,105,7.8,8,8
DaQuan Jones,8747,DI,BUF,14,4,2.3,0,0,4,60.2,72.0,73.4,72.0,63.5,57.2,5.3,1,1,182,185,4.9,9,14
Brent Urban,8769,DI,BLT,15,5,0.7,0,0,3,60.3,58.6,62.8,51.1,63.7,37.8,15.8,3,1,151,158,6.6,10,11
Shelby Harris,8869,DI,CLV,17,7,1.4,0,0,8,62.6,61.9,30.5,60.8,64.4,39.3,9.1,3,4,244,249,7.4,18,23
Denico Autry,8982,DI,HST,9,0,5.5,0,0,13,60.0,57.2,31.7,60.7,54.4,55.7,0.0,0,2,28,28,3.6,1,2
Mike Pennel,9316,DI,KC,16,10,2.3,0,0,16,66.5,55.2,85.3,51.0,55.6,66.2,4.5,1,0,165,169,4.8,8,11
Dante Fowler Jr.,9436,ED,DAL,16,4,3.4,0,0,9,64.1,77.6,87.8,72.8,67.8,53.2,15.4,2,0,98,101,4.1,4,7
Leonard Williams,9439,DI,SEA,20,15,1.6,0,0,29,68.7,76.1,56.2,70.1,71.6,41.7,10.4,5,4,286,291,8.7,25,28
Arik Armstead,9450,DI,JAX,17,6,3.9,0,0,15,57.8,63.1,87.8,61.8,59.6,47.5,4.2,1,0,160,165,5.0,8,17
Bud Dupree,9455,ED,LAC,16,4,2.0,0,0,27,59.3,54.8,66.7,50.8,61.7,53.7,14.3,2,1,150,155,4.0,6,8
Shaq Thompson,9458,LB,BUF,13,15,3.0,0,0,4,72.2,68.9,84.8,60.3,60.7,35.0,15.9,7,0,219,224,5.9,13,22
Mario Edwards Jr.,9468,DI,HST,14,4,0.8,0,0,13,57.2,34.7,18.2,51.7,35.4,59.2,0.0,0,3,83,86,3.6,3,4
Preston Smith,9471,ED,WAS,13,7,3.3,0,0,32,90.4,66.9,86.3,57.7,64.3,53.3,4.5,1,0,143,146,5.6,8,14
Eddie Goldman,9472,DI,WAS,13,8,1.1,0,0,32,60.0,54.0,85.7,64.7,47.1,50.8,7.7,2,0,165,166,7.9,13,16
Eric Kendricks,9478,LB,SF,4,7,0.8,0,0,28,59.9,57.6,80.1,47.7,58.9,82.9,5.9,1,0,96,96,7.3,7,9
Denzel Perryman,9481,LB,LAC,11,9,2.8,0,0,27,50.5,56.3,29.2,53.0,66.2,55.3,12.2,5,1,160,165,8.8,14,27
Jordan Phillips,9485,DI,BUF,11,1,3.2,0,0,4,60.1,34.0,52.6,61.2,29.4,72.6,0.0,0,1,100,102,3.0,3,5
Danielle Hunter,9521,ED,HST,19,14,3.5,0,0,13,54.7,89.9,86.3,90.8,60.8,49.2,7.7,3,1,246,253,6.5,16,22
Za'Darius Smith,9555,ED,PHI,5,0,1.9,0,0,24,52.4,77.7,83.0,74.4,69.5,49.0,12.5,1,0,37,38,13.5,5,7
Grady Jarrett,9570,DI,CHI,16,9,3.4,0,0,6,68.9,56.9,78.0,63.4,42.0,60.5,5.7,2,2,244,250,5.3,13,24
Quandre Diggs,9633,S,SEA,8,3,5.1,0,0,29,64.4,66.1,88.7,55.0,64.7,64.0,16.7,3,0,127,131,3.1,4,12
Rakeem Nunez-Roches,9650,DI,NYG,9,6,3.5,0,0,21,60.0,51.2,58.1,65.1,48.9,63.8,5.6,1,1,128,132,5.5,7,11
Neville Hewitt,9836,LB,NYG,1,0,,0,0,21,61.9,64.5,71.1,58.3,61.2,,,0,0,2,2,0.0,0,0
Alex Singleton,9994,LB,DEN,18,41,2.9,0,2,10,55.2,72.0,86.2,62.8,88.5,75.4,6.9,7,0,411,422,8.8,36,53
Joey Bosa,10637,ED,BUF,17,4,1.4,2,1,4,61.9,74.6,43.0,85.5,52.0,26.5,30.3,10,5,228,232,6.6,15,19
Jalen Ramsey,10639,S,PIT,18,6,10.1,3,0,25,58.8,64.4,47.0,65.7,81.2,86.4,2.8,1,7,440,450,2.0,9,29
DeForest Buckner,10641,DI,IND,10,10,2.4,0,0,14,69.4,74.0,86.7,74.9,56.3,70.7,5.0,2,0,148,150,9.5,14,28
Leonard Floyd,10643,ED,ATL,15,6,1.3,0,0,2,51.9,60.1,58.0,61.8,60.0,44.8,14.3,2,2,145,150,3.4,5,6
Sheldon Rankins,10646,DI,HST,19,11,2.0,0,0,13,67.1,70.8,88.2,67.5,61.2,62.2,3.0,1,0,231,237,6.9,16,21
Kenny Clark,10661,DI,DAL,17,11,1.4,0,0,9,61.3,67.6,87.8,72.4,53.7,51.7,6.9,2,0,272,282,4.8,13,16
Emmanuel Ogbah,10666,ED,JAX,13,4,1.6,0,0,15,56.8,45.9,87.2,51.7,42.1,77.7,0.0,0,0,121,124,2.5,3,7
Chris Jones,10671,DI,KC,17,4,1.3,2,0,16,56.3,70.5,9.5,90.7,43.4,34.0,12.0,3,9,258,265,5.8,15,18
Xavien Howard,10672,CB,IND,4,1,4.0,0,0,14,34.2,36.1,82.4,,51.4,54.2,0.0,0,4,69,70,1.4,1,1
Austin Johnson,10677,DI,JAX,14,2,2.9,0,0,15,64.6,47.5,83.4,54.8,41.5,45.4,16.7,2,0,87,92,8.0,7,8
Jihad Ward,10678,ED,TEN,17,3,1.9,1,0,31,65.0,50.8,17.9,56.4,53.6,40.7,21.1,4,7,259,267,3.5,9,12
A'Shawn Robinson,10680,DI,CAR,18,19,2.9,0,0,5,73.1,63.7,66.5,62.5,61.0,59.5,6.0,4,2,318,327,10.4,33,44
Jarran Reed,10683,DI,SEA,16,10,3.0,0,0,29,69.6,62.3,86.8,59.7,57.4,78.8,0.0,0,0,177,183,7.9,14,25
Deion Jones,10686,LB,TB,10,3,3.3,0,0,30,49.0,41.6,78.7,69.3,30.7,56.8,14.3,1,0,38,38,7.9,3,3
Adam Gotsis,10697,DI,TB,2,0,,0,0,30,,42.6,75.1,52.0,46.0,,,0,0,12,12,0.0,0,0
Kevin Byard,10698,S,CHI,19,19,9.6,0,0,6,71.6,75.4,89.0,49.1,82.6,71.0,10.0,7,0,477,487,2.9,14,44
Maliek Collins,10701,DI,CLV,12,3,1.6,0,0,8,52.8,74.5,55.6,87.2,57.2,28.4,22.7,5,2,176,180,6.3,11,14
Jonathan Bullard,10706,DI,NO,15,6,1.8,0,0,20,60.4,58.9,45.3,52.0,63.9,77.6,0.0,0,2,205,209,6.8,14,18
Javon Hargrave,10723,DI,MIN,16,19,3.4,0,0,18,67.8,68.0,60.5,70.0,57.3,74.3,0.0,0,2,235,238,6.8,16,26
Sheldon Day,10737,DI,WAS,10,0,3.6,0,0,32,61.4,47.4,53.7,51.6,49.4,46.6,13.3,2,1,103,106,6.8,7,13
Eric Murray,10740,S,JAX,13,5,5.4,1,1,15,60.6,62.0,28.4,65.2,67.3,69.7,10.7,3,3,219,225,3.7,8,20
David Onyemata,10754,DI,ATL,17,15,2.3,0,0,2,67.4,78.2,75.9,67.1,74.2,68.2,3.6,2,1,301,308,8.3,25,39
Andrew Billings,10756,DI,CHI,19,5,4.4,0,0,6,62.1,39.4,25.2,61.2,37.6,44.3,8.8,3,5,305,311,5.9,18,26
Matthew Judon,10780,ED,BUF,14,6,3.4,0,0,4,29.9,43.2,85.7,46.2,55.2,38.6,7.1,1,0,157,162,1.9,3,7
Quinton Jefferson,10781,DI,DET,1,0,,0,0,11,60.0,64.7,72.7,58.2,60.0,,,0,0,1,1,0.0,0,0
DJ Reader,10800,DI,DET,17,11,2.7,0,0,11,62.1,68.9,64.9,72.6,61.7,59.8,6.5,2,2,264,267,5.7,15,18
Elandon Roberts,10848,LB,LV,17,22,2.7,0,0,23,36.4,57.2,53.8,43.8,76.7,39.7,14.1,12,1,359,369,9.5,34,51
Jalen Mills,10867,S,DET,5,1,4.0,0,0,11,66.2,68.2,78.7,56.1,65.2,58.1,0.0,0,0,31,31,3.2,1,2
Mike Hilton,10898,CB,IND,2,0,9.0,0,0,14,56.6,60.0,75.1,73.6,60.6,63.9,0.0,0,1,28,29,0.0,0,2
Morgan Fox,11184,DI,BUF,1,0,,0,0,4,,36.1,74.7,55.4,42.7,20.9,100.0,1,0,6,6,0.0,0,0
Jonathan Jones,11217,CB,WAS,11,3,10.6,0,0,32,48.0,50.9,84.9,80.2,56.6,61.8,18.8,3,2,205,210,1.0,2,10
Roy Robertson-Harris,11341,DI,NYG,17,7,2.2,1,0,21,53.4,51.8,77.0,56.8,50.7,57.7,3.2,1,3,307,316,5.9,18,23
Antonio Hamilton Sr.,11353,CB,WAS,7,2,9.0,0,0,32,60.7,63.5,79.5,,71.9,52.7,0.0,0,1,43,45,0.0,0,1
Myles Garrett,11756,ED,CLV,17,9,0.0,2,0,8,60.6,92.7,27.0,93.3,82.5,77.5,5.9,2,9,355,362,5.6,20,23
Solomon Thomas,11758,DI,DAL,16,10,1.1,1,0,9,67.3,59.6,36.4,55.8,61.4,54.0,11.1,3,4,176,183,6.3,11,14
Jamal Adams,11761,LB,LV,17,4,2.6,0,0,23,69.2,67.3,20.3,71.4,62.3,36.5,22.7,5,2,160,166,4.4,7,13
Marshon Lattimore,11766,CB,WAS,9,2,7.0,2,0,32,52.6,53.2,50.2,,59.4,60.8,10.0,1,9,205,208,2.0,4,7
Haason Reddick,11768,ED,TB,13,4,2.1,0,0,30,70.0,57.2,62.4,60.1,45.2,29.9,22.2,4,2,172,177,4.7,8,10
Derek Barnett,11769,ED,HST,19,6,0.5,0,0,13,60.5,64.7,40.9,69.1,59.6,41.3,15.8,3,3,174,177,5.2,9,10
Malik Hooker,11770,S,DAL,12,7,7.7,0,0,9,51.8,60.8,86.0,58.5,82.9,78.0,4.3,1,0,213,219,2.3,5,15
Marlon Humphrey,11771,CB,BLT,15,5,12.4,2,2,3,43.8,50.1,64.3,57.9,78.9,48.0,15.0,3,5,288,296,1.4,4,12
Jonathan Allen,11772,DI,MIN,17,20,2.5,0,0,18,59.8,53.2,69.4,64.9,45.4,39.7,8.8,6,2,381,393,7.3,28,42
Adoree' Jackson,11773,CB,PHI,14,5,9.3,0,0,24,52.8,53.6,87.2,,55.0,43.7,16.7,3,1,219,219,1.4,3,10
Jabrill Peppers,11780,S,PIT,3,2,5.8,0,1,25,52.9,65.1,0.0,,90.9,67.0,0.0,0,1,50,50,4.0,2,4
Tre'Davious White,11782,CB,BUF,18,0,6.4,1,0,4,68.2,64.2,63.5,52.9,49.3,40.3,19.0,4,6,337,340,2.4,8,17
T.J. Watt,11785,ED,PIT,15,19,2.5,0,0,25,61.6,74.2,42.7,75.5,68.8,46.8,10.2,5,6,318,325,5.3,17,25
Budda Baker,11791,S,ARZ,16,18,5.6,0,0,1,35.7,52.4,66.0,83.8,76.6,47.4,19.1,13,2,406,420,4.4,18,37
Marcus Maye,11794,S,LAC,1,0,7.0,0,0,27,51.1,49.7,71.9,,59.1,82.2,0.0,0,0,10,10,0.0,0,2
Marcus Williams,11797,S,LAC,3,1,6.5,0,0,27,58.5,62.3,80.6,,70.0,63.5,16.7,1,0,27,27,3.7,1,4
DeMarcus Walker,11806,ED,WAS,1,0,7.0,0,0,32,61.6,63.8,77.1,68.2,44.8,29.5,50.0,1,0,10,10,0.0,0,1
Dalvin Tomlinson,11810,DI,ARZ,17,8,1.9,0,0,1,,43.2,60.3,59.1,37.3,28.8,20.0,6,2,234,244,5.1,12,16
Zach Cunningham,11812,LB,DET,3,2,0.0,0,0,11,51.9,63.1,73.2,,71.1,78.8,0.0,0,0,8,8,12.5,1,1
Tanoh Kpassagnon,11814,ED,CHI,4,0,4.5,0,0,6,60.3,51.1,82.8,52.2,51.8,72.8,0.0,0,0,43,44,2.3,1,2
Chidobe Awuzie,11815,CB,BLT,13,4,8.5,0,0,3,77.2,76.4,87.3,64.6,60.3,61.0,23.1,3,1,140,143,1.4,2,6
Larry Ogunjobi,11820,DI,BUF,11,5,2.1,1,0,4,59.0,45.3,29.5,47.1,54.0,29.3,8.3,2,2,115,117,13.0,15,17
Ahkello Witherspoon,11821,CB,LA,7,0,6.5,0,0,26,51.3,53.7,81.5,,61.9,28.2,33.3,1,1,69,71,1.4,1,2
Dawuane Smoot,11823,ED,JAX,16,5,2.9,0,0,15,54.1,44.1,86.4,52.0,37.4,31.1,22.2,4,0,103,105,5.8,6,9
Chris Wormley,11829,DI,IND,5,2,6.3,0,0,14,56.6,56.3,79.4,69.9,51.9,71.9,0.0,0,0,47,47,2.1,1,3
Alex Anzalone,11831,LB,DET,16,20,4.5,3,0,11,65.3,67.5,86.7,65.2,65.6,78.5,5.2,3,5,366,369,6.3,23,35
Fabian Moreau,11836,CB,MIN,11,2,5.0,0,0,18,70.3,71.4,82.2,,70.2,85.0,0.0,0,1,46,46,0.0,0,2
Shaquill Griffin,11845,CB,SEA,2,0,6.3,0,0,29,50.3,52.8,78.8,,65.2,62.2,0.0,0,0,17,19,11.8,2,4
Jourdan Lewis,11846,CB,JAX,12,3,4.1,2,0,15,69.0,67.2,32.7,63.7,61.5,44.3,23.5,4,9,185,189,3.8,7,10
Rasul Douglas,11854,CB,MIA,15,10,5.3,1,0,17,72.6,72.7,87.6,82.0,61.8,57.2,21.4,6,5,335,346,2.4,8,12
Trey Hendrickson,11858,ED,CIN,7,1,2.2,0,0,7,67.1,82.9,43.8,90.0,56.8,68.3,9.1,1,2,94,95,7.4,7,9
Rayshawn Jenkins,11868,S,CLV,15,5,6.1,0,0,8,57.7,54.9,26.4,63.8,52.4,63.4,20.0,3,2,69,71,5.8,4,7
Carl Lawson,11871,ED,BLT,1,0,1.0,0,0,3,51.8,57.5,78.3,51.4,74.9,69.2,0.0,0,0,10,12,10.0,1,1
Jalen Reeves-Maybin,11879,LB,CHI,1,0,0.0,0,0,6,60.5,75.0,69.7,58.8,70.6,69.9,0.0,0,0,5,5,20.0,1,1
Samson Ebukam,11880,ED,IND,14,3,3.7,0,0,14,77.6,64.1,68.1,60.1,59.0,69.4,8.3,2,1,148,151,7.4,11,19
Deatrich Wise Jr.,11886,ED,WAS,2,1,4.0,0,0,32,71.3,60.0,6.1,59.8,58.7,73.9,0.0,0,1,18,18,5.6,1,1
Carlos Watkins,11897,DI,TEN,3,0,,0,0,31,,54.8,74.8,55.0,56.9,,,0,0,13,13,0.0,0,0
Grover Stewart,11899,DI,IND,17,17,2.3,0,1,14,63.7,57.3,54.9,59.5,56.8,49.4,7.3,4,3,318,324,6.3,20,34
Damontae Kazee,11904,S,CLV,1,0,,0,0,8,64.0,65.1,72.0,,60.0,,,0,0,1,1,0.0,0,0
Matt Milano,11918,LB,BUF,14,13,3.4,1,0,4,48.3,46.2,4.4,66.0,49.2,45.8,14.0,7,4,287,291,7.7,22,30
Davon Godchaux,11934,DI,NO,16,12,3.3,0,1,20,,50.5,58.6,64.1,47.5,59.0,4.7,2,2,270,278,5.9,16,29
Chuck Clark,11941,S,PIT,13,4,7.1,1,1,25,67.2,74.6,83.7,55.4,86.5,74.6,15.0,3,1,171,174,1.8,3,13
Xavier Woods,11946,S,TEN,11,4,7.6,1,0,31,70.3,65.4,48.3,50.0,54.0,33.4,38.1,8,2,199,206,1.5,3,9
Al-Quadin Muhammad,11951,ED,DET,17,3,7.5,1,0,11,63.4,74.3,88.2,71.9,59.3,46.3,12.5,1,1,83,83,2.4,2,4
D.J. Jones,11953,DI,DEN,18,8,1.1,0,0,10,57.0,74.4,74.1,66.8,73.3,28.0,17.8,8,1,246,248,10.2,25,29
Patrick O'Connor,12005,ED,DET,8,0,1.8,2,0,11,60.0,48.5,1.6,52.2,59.8,72.4,0.0,0,2,52,52,7.7,4,4
Michael Davis,12040,CB,NO,2,0,,0,0,20,76.0,76.0,73.1,,60.0,,,0,0,2,2,0.0,0,0
Josh Tupou,12093,DI,BLT,3,3,1.0,0,0,3,,62.2,79.5,65.3,56.3,71.3,0.0,0,0,31,32,3.2,1,2
Adam Butler,12214,DI,LV,15,16,2.2,0,0,23,58.1,53.8,44.5,58.5,55.0,32.6,13.7,7,4,298,307,6.7,20,28
Arthur Maulet,12224,CB,DET,7,0,6.0,0,0,11,63.0,62.2,80.0,46.1,65.7,85.9,0.0,0,1,13,13,7.7,1,1
Sam Kamara,24176,DI,CLV,4,2,0.4,0,0,8,62.4,58.3,28.4,59.6,57.4,73.0,0.0,0,1,57,57,7.0,4,5
Nathan Shepherd,24614,DI,NO,16,13,2.8,0,0,20,64.8,62.3,57.3,67.4,55.7,46.7,11.4,5,3,292,303,5.5,16,26
Foyesade Oluokun,24904,LB,JAX,18,26,2.8,0,0,15,78.4,74.4,68.9,46.3,73.5,67.7,5.5,4,2,343,354,9.0,31,43
Anfernee Jennings,25449,ED,NE,18,7,0.7,1,0,19,41.2,67.1,71.2,59.8,73.2,47.0,18.2,6,1,186,191,9.7,18,20
Clelin Ferrell,25955,ED,SF,11,1,5.8,1,0,28,73.3,53.1,49.2,51.2,54.9,67.1,5.3,1,2,118,121,5.1,6,17
Dexter Lawrence,25991,DI,NYG,17,11,2.6,0,0,21,67.0,75.6,50.9,84.5,57.0,57.4,3.0,1,5,267,272,5.6,15,21
Maxx Crosby,26316,ED,LV,15,16,1.4,1,0,23,59.0,79.7,33.5,77.1,78.7,55.6,9.5,6,8,396,410,8.3,33,41
Jeremiah Moon,26453,ED,PIT,2,1,,0,0,25,29.1,32.3,73.8,53.0,60.9,25.4,0.0,0,0,6,6,0.0,0,0
D.J. Reed,26940,CB,DET,11,4,6.7,4,0,11,61.3,65.2,86.4,58.5,78.7,71.9,5.3,1,6,207,207,2.4,5,14
Isaiah Rodgers,27069,CB,MIN,17,3,6.2,0,0,18,74.1,73.8,87.6,53.3,66.8,37.6,16.0,4,0,427,440,2.1,9,18
Bryce Huff,27128,ED,SF,17,12,2.7,1,0,28,39.4,67.9,70.3,72.8,58.5,30.3,9.4,3,2,167,172,7.2,12,17
Montez Sweat,27271,ED,CHI,19,4,3.2,0,1,6,52.3,72.4,86.0,72.4,62.9,57.9,7.3,3,1,324,333,8.0,26,34
Devin Bush,27375,LB,CLV,17,28,4.0,0,1,8,80.4,87.6,66.2,68.7,87.3,76.9,7.3,6,2,416,424,7.2,30,48
Joshua Uche,27379,ED,PHI,8,5,2.0,0,0,24,73.7,85.1,57.1,83.2,69.5,73.9,0.0,0,1,85,87,12.9,11,13
D'Angelo Ross,27732,CB,CLV,1,0,8.0,0,0,8,65.4,63.6,76.4,,53.2,78.7,0.0,0,0,11,11,0.0,0,1
Khalil Dorsey,27819,CB,DET,3,0,,0,0,11,53.9,55.7,73.7,,61.5,,,0,0,9,9,0.0,0,0
Ben Skowronek,27948,WR,PIT,1,0,,0,0,25,,60.0,60.5,,60.0,,,0,0,1,1,0.0,0,0
DaVon Hamilton,28072,DI,JAX,18,11,1.9,0,0,15,48.5,55.5,87.2,55.4,58.6,52.3,7.7,3,0,219,225,9.6,21,25
Dre'Mont Jones,28075,ED,BLT,18,11,2.1,1,0,3,55.3,64.7,40.3,69.6,57.8,63.8,6.9,2,5,252,259,3.6,9,16
Damon Arnette,28080,CB,HST,1,0,,0,0,13,,60.0,66.3,,60.0,,,0,0,2,2,0.0,0,0
Malik Harrison,28081,LB,PIT,12,10,4.8,0,0,25,45.0,55.1,79.6,79.9,60.4,44.3,14.7,5,0,170,176,7.1,12,19
Jerome Baker,28091,LB,CLV,16,13,5.2,0,0,8,69.1,69.8,76.6,77.7,62.8,73.6,8.0,2,0,158,159,2.5,4,10
Neville Gallimore,28094,DI,IND,17,9,1.9,0,0,14,58.6,56.6,71.8,70.2,45.8,34.9,12.5,4,1,203,207,6.9,14,19
Tremon Smith,28196,CB,HST,9,2,6.0,0,0,13,50.9,55.1,81.7,,76.2,74.1,0.0,0,0,58,61,0.0,0,1
Troy Dye,28251,LB,LAC,17,12,2.8,0,0,27,47.3,59.8,48.4,69.7,72.2,33.0,13.6,6,1,190,196,7.9,15,26
Brenden Schooler,28253,S,NE,2,0,11.0,0,0,19,42.6,29.9,0.0,55.9,40.1,40.8,33.3,1,1,14,14,0.0,0,2
Kevin Givens,28308,DI,SF,5,0,3.0,0,0,28,,41.2,80.4,55.6,35.5,70.2,0.0,0,0,40,44,5.0,2,2
Bilal Nichols,28451,DI,ARZ,4,1,1.0,0,0,1,,35.5,78.9,47.5,38.1,70.2,0.0,0,0,25,25,4.0,1,1
DeShon Elliott,28854,S,PIT,5,6,6.6,0,0,25,60.7,67.8,26.1,78.3,78.7,68.6,11.8,2,1,82,84,3.7,3,9
Jack Jones,29050,CB,MIA,17,8,4.9,2,2,17,54.7,60.2,68.0,84.9,77.7,36.4,27.8,10,9,392,403,3.1,12,18
Germaine Pratt,29407,LB,IND,16,19,3.7,0,1,14,57.5,63.0,88.2,55.8,67.6,81.5,4.3,3,1,383,393,7.6,29,47
Chris Board,29456,LB,NYG,1,1,,0,0,21,78.4,73.9,68.5,60.0,57.8,76.1,0.0,0,0,8,8,0.0,0,0
Logan Wilson,29623,LB,DAL,15,10,4.5,0,0,9,47.6,52.6,84.0,80.4,56.2,66.4,8.8,3,0,230,238,3.0,7,21
Andrew Van Ginkel,30267,ED,MIN,12,11,2.7,0,0,18,81.5,70.5,74.9,66.8,57.1,36.5,23.5,8,1,266,274,3.8,10,15
T.J. Edwards,30737,LB,CHI,11,12,4.8,0,0,6,67.5,70.1,83.9,60.7,68.2,76.3,2.5,1,0,234,238,5.1,12,27
Khalen Saunders,31534,DI,NYJ,9,4,5.2,0,0,22,,52.4,82.4,51.4,54.0,73.6,0.0,0,0,90,91,2.2,2,6
Dane Jackson,32989,CB,BUF,1,0,,0,0,4,36.2,29.5,67.4,,60.0,,,0,0,2,2,0.0,0,0
Eric Johnson,33698,DI,IND,10,0,4.5,0,0,14,66.0,47.6,80.8,49.2,43.3,71.0,0.0,0,0,58,58,0.0,0,2
Mike Hughes,34057,CB,ATL,12,4,7.4,0,0,2,59.8,58.6,57.7,,54.7,61.2,25.0,4,2,276,283,0.7,2,8
Kendall Sheffield,34105,CB,MIA,2,0,,0,0,17,75.7,56.9,72.8,,47.4,73.0,,0,0,6,6,0.0,0,0
Darnell Savage,34247,S,BUF,11,4,9.0,0,0,4,43.3,42.7,82.7,55.1,53.0,53.4,28.6,2,0,94,94,0.0,0,1
Zayne Anderson,34622,S,GB,1,0,,0,0,12,49.3,49.5,74.3,,61.2,,,0,0,9,9,0.0,0,0
Zack Baun,34632,LB,PHI,17,24,4.5,0,0,24,81.6,80.9,70.2,80.6,69.7,56.7,12.5,10,1,421,425,5.9,25,46
Akeem Davis-Gaither,34788,LB,ARZ,16,19,3.1,1,0,1,36.5,49.9,85.5,54.5,66.9,55.9,10.3,6,1,340,352,6.8,23,33
Jamel Dean,34918,CB,TB,13,2,9.9,1,0,30,75.9,80.6,57.9,99.9,63.3,73.7,14.3,2,4,207,214,1.0,2,10
Josh Butler,35097,CB,DAL,1,0,13.0,0,0,9,50.0,56.8,74.4,59.1,74.3,49.4,0.0,0,0,12,13,0.0,0,2
Trevis Gipson,35241,ED,CAR,14,2,2.8,0,0,5,55.9,59.3,85.7,57.5,59.0,30.5,23.1,3,0,122,127,4.9,6,8
Blake Cashman,35413,LB,MIN,13,31,4.2,1,1,18,48.6,63.6,63.2,58.9,75.4,83.4,6.1,6,2,364,375,7.7,28,62
Darrell Taylor,36001,ED,HST,3,0,,0,0,13,60.0,47.9,0.0,55.9,57.6,20.7,100.0,1,1,15,15,0.0,0,0
Shy Tuttle,37279,DI,WAS,12,4,1.6,0,0,32,,57.7,83.4,51.8,59.4,75.2,0.0,0,0,102,104,9.8,10,11
Quinton Bell,37468,ED,MIA,5,2,6.0,0,0,17,74.4,58.7,32.5,54.5,59.7,30.7,0.0,0,1,38,39,0.0,0,1
Troy Reeder,38268,LB,LA,9,6,6.0,0,0,26,77.5,76.0,75.4,59.4,65.2,67.4,9.1,1,0,35,36,0.0,0,4
Camryn Bynum,38408,S,IND,17,10,10.9,0,0,14,67.7,70.8,88.6,57.8,77.0,89.2,5.6,2,0,399,406,1.3,5,24
Cameron Goode,38410,ED,MIA,9,1,3.0,0,0,17,68.2,64.1,80.8,46.3,76.6,77.6,0.0,0,0,44,45,4.5,2,3
Folorunso Fatukasi,38558,DI,HST,4,2,4.3,0,0,13,,49.9,80.2,58.0,46.2,72.6,0.0,0,0,43,44,4.7,2,4
Maurice Hurst,38563,DI,CLV,2,1,,0,0,8,,71.1,72.8,59.1,68.4,67.3,0.0,0,0,10,10,0.0,0,0
Eric Wilson,38587,LB,MIN,17,21,2.8,0,2,18,36.7,62.1,75.3,70.2,72.9,48.0,14.8,13,1,468,484,7.7,36,54
Joe Giles-Harris,39382,LB,CIN,5,1,7.5,0,0,7,89.8,86.7,71.0,,60.7,80.0,0.0,0,0,10,10,10.0,1,2
Tershawn Wharton,40292,DI,CAR,10,12,2.6,2,0,5,73.8,43.0,40.8,60.4,34.5,61.4,13.5,5,3,193,202,6.7,13,20
Chazz Surratt,40313,LB,SEA,1,1,,0,0,29,,50.5,70.1,,54.1,70.5,0.0,0,0,7,7,0.0,0,0
L'Jarius Sneed,40588,CB,TEN,7,1,6.4,2,0,31,49.5,50.4,35.3,58.5,59.6,47.6,20.0,3,6,152,157,3.3,5,11
Alohi Gilman,41662,S,BLT,17,18,6.2,0,0,3,71.9,70.4,27.8,58.6,71.6,51.4,16.1,9,3,327,341,3.4,11,29
Khalil Herbert,41668,HB,NYJ,1,0,,0,0,22,,60.0,60.0,,60.0,,,0,0,1,1,0.0,0,0
Trevon Diggs,41817,CB,GB,9,2,6.0,1,0,12,64.6,58.7,11.0,40.3,44.5,59.9,27.3,3,3,166,173,1.2,2,6
Ed Oliver,42200,DI,BUF,3,1,-0.4,0,1,4,,84.6,33.4,64.2,90.4,74.2,0.0,0,1,50,51,14.0,7,8
Divine Deablo,42208,LB,ATL,13,10,3.2,1,0,2,78.6,77.7,54.2,65.0,71.3,70.6,5.4,3,2,262,270,9.5,25,43
Amen Ogbongbemiga,42449,LB,CHI,4,5,3.7,0,0,6,45.1,57.5,76.2,49.1,71.7,56.3,0.0,0,0,49,49,6.1,3,6
Isaiah Simmons,42451,LB,CAR,1,0,,0,0,5,,60.0,62.9,,60.0,,,0,0,1,1,0.0,0,0
K'Von Wallace,42467,S,HST,2,2,0.0,0,0,13,63.1,70.1,78.8,59.1,83.3,73.7,0.0,0,1,31,32,6.5,2,2
Antoine Winfield Jr.,42475,S,TB,17,11,7.3,0,0,30,74.3,74.4,87.0,82.4,60.5,90.4,8.1,3,0,344,353,2.6,9,23
Tomon Fox,42486,ED,NYG,8,0,5.0,0,0,21,63.6,56.4,80.2,53.0,57.3,74.4,0.0,0,0,41,41,0.0,0,2
Daniel Thomas,42544,S,DET,5,4,3.2,0,0,11,71.0,75.8,78.3,58.5,71.6,65.9,18.2,2,0,46,47,4.3,2,5
Krys Barnes,42548,LB,CAR,3,3,2.3,0,0,5,32.3,43.9,77.4,59.6,63.3,67.3,10.0,1,0,71,72,7.0,5,6
Nazeeh Johnson,42553,CB,KC,1,0,,0,0,16,,60.0,60.0,,60.0,,,0,0,1,1,0.0,0,0
Justin Strnad,42659,LB,DEN,15,11,3.2,0,0,10,71.1,72.1,84.2,69.9,63.1,75.5,8.1,3,0,217,224,6.9,15,23
Chauncey Golston,42718,ED,NYG,10,3,0.2,0,0,21,56.3,68.0,86.1,54.6,78.1,66.0,7.1,1,0,72,73,12.5,9,10
Nick Bosa,42741,ED,SF,3,4,3.1,0,0,28,71.8,86.3,84.7,80.3,65.6,78.6,0.0,0,0,47,48,8.5,4,7
Osa Odighizuwa,42754,DI,DAL,17,17,2.1,2,0,9,59.9,65.9,44.1,71.5,58.9,72.1,2.6,1,5,257,265,5.4,14,20
Chase Lucas,42833,CB,SF,6,0,,1,0,28,46.6,49.0,0.0,87.4,61.3,23.7,,0,2,17,17,0.0,0,0
Curtis Robinson,42871,LB,SF,8,7,4.3,0,0,28,57.8,51.2,81.9,45.4,48.4,41.8,17.6,3,0,92,99,5.4,5,7
Kristian Fulton,42894,CB,KC,4,1,4.0,0,0,16,69.0,61.6,81.9,60.0,34.8,32.6,44.4,4,0,79,81,3.8,3,4
Rashan Gary,42905,ED,GB,17,10,2.8,0,0,12,64.7,68.9,79.1,61.8,71.2,67.2,5.9,2,1,229,240,7.4,17,22
Khalid Kareem,42993,ED,ATL,4,2,2.6,0,0,2,61.6,67.2,78.7,67.7,59.4,58.6,0.0,0,0,33,33,12.1,4,5
Jonathon Cooper,43021,ED,DEN,19,10,3.9,3,0,10,57.1,64.3,40.9,66.8,63.5,57.0,5.6,2,6,242,247,5.4,13,24
Charvarius Ward,43034,CB,IND,7,2,8.0,0,0,14,77.4,77.1,45.3,60.0,73.7,45.7,0.0,0,2,164,168,0.0,0,6
Brandon Jones,43049,S,DEN,14,12,5.7,0,0,10,60.6,64.2,34.3,62.2,75.7,71.0,12.2,5,3,271,281,3.0,8,24
Devin White,43089,LB,LV,17,24,3.8,0,1,23,36.1,40.7,37.6,69.0,47.0,54.0,15.4,16,4,474,488,7.6,36,64
Jeremy Chinn,43179,S,LV,15,14,5.2,0,0,23,64.1,67.6,87.7,60.0,69.3,70.0,9.8,6,1,426,440,4.9,21,41
Mack Wilson Sr.,43190,LB,ARZ,8,13,3.5,0,0,1,59.8,60.1,83.8,80.6,52.4,41.9,17.9,7,1,173,178,6.9,12,19
Joe Bachie,43250,LB,TEN,5,4,6.8,1,0,31,46.6,45.4,0.0,72.4,52.5,72.8,10.0,1,2,65,68,3.1,2,5
Damar Hamlin,43291,S,BUF,1,0,,0,0,4,47.5,42.8,70.3,56.8,60.0,,,0,0,2,2,0.0,0,0
Myles Bryant,43336,S,HST,9,5,4.5,0,0,13,60.5,64.5,82.2,66.9,71.4,64.1,18.8,3,0,115,116,3.5,4,8
Josh Metellus,43395,S,MIN,14,11,7.7,0,0,18,46.8,55.4,63.4,72.6,68.5,72.9,14.6,7,2,382,396,1.8,7,30
Alex Highsmith,43507,ED,PIT,14,8,2.2,0,0,25,57.3,82.2,52.4,78.0,82.4,68.1,5.0,2,3,255,261,7.8,20,30
Darrell Baker Jr.,43542,CB,TEN,14,1,6.7,1,0,31,53.9,54.8,86.0,,55.3,62.1,16.7,2,4,272,280,0.7,2,9
Sam Franklin Jr.,43580,S,BUF,1,0,,0,0,4,64.3,65.4,94.8,60.0,60.0,,,0,0,3,3,0.0,0,0
Jake Hansen,43645,LB,HST,3,0,,0,0,13,63.7,77.1,68.2,,69.4,,,0,0,6,6,0.0,0,0
Jeffery Simmons,43742,DI,TEN,15,10,2.5,2,0,31,69.9,88.3,15.1,91.4,66.2,48.0,6.0,3,10,282,293,9.6,27,37
Cole Christiansen,43856,LB,KC,1,0,,0,0,16,,60.0,60.0,,60.0,,,0,0,1,1,0.0,0,0
Derrick Brown,43883,DI,CAR,18,17,2.8,0,0,5,67.0,72.9,71.6,69.7,65.8,64.2,4.6,3,2,368,381,9.5,35,45
Pat Jones II,43974,ED,CAR,4,1,1.8,0,0,5,31.3,62.2,82.5,61.3,73.4,61.8,0.0,0,0,47,51,12.8,6,6
Byron Murphy Jr.,44027,CB,MIN,17,6,6.0,2,0,18,59.8,58.5,31.3,46.7,61.3,52.1,17.6,6,9,482,498,1.7,8,22
Benito Jones,44035,DI,MIA,14,6,1.6,0,0,17,57.8,47.0,60.4,58.5,45.9,28.4,18.8,3,2,144,149,4.9,7,7
Quinnen Williams,44216,DI,DAL,15,11,0.7,1,2,9,67.6,88.8,21.5,69.6,91.7,30.1,9.8,5,6,221,229,14.0,31,35
Nnamdi Madubuike,44304,DI,BLT,2,2,2.7,0,0,3,60.2,73.5,28.3,71.7,69.9,72.2,0.0,0,1,25,26,8.0,2,3
Boogie Basham,44320,ED,CAR,3,2,,0,0,5,79.5,68.8,76.9,63.1,57.8,49.8,33.3,1,0,23,23,0.0,0,0
Naquan Jones,44363,DI,HST,13,7,2.0,0,0,13,61.3,36.4,8.9,58.1,36.7,35.4,16.7,3,3,108,110,5.6,6,8
Isaiahh Loudermilk,44416,DI,PIT,2,0,,0,0,25,,32.8,77.5,59.1,31.0,,,0,0,22,23,0.0,0,0
Kyzir White,44485,LB,TEN,1,0,2.0,0,0,31,66.4,46.1,73.1,58.9,41.3,31.7,33.3,1,0,13,13,7.7,1,2
Elijah Garcia,44498,DI,ATL,7,3,4.8,0,0,2,,69.2,80.0,58.4,70.7,73.7,0.0,0,0,42,45,2.4,1,4
Brian Burns,44522,ED,NYG,17,11,2.6,0,0,21,83.1,75.8,90.2,71.5,59.8,57.8,15.0,6,1,305,313,5.2,16,23
D.J. Wonnum,44550,ED,CAR,17,13,2.5,0,0,5,61.8,56.7,87.5,50.4,61.6,50.8,7.1,3,0,280,291,6.8,19,26
Jonah Williams,44597,DI,NO,15,7,3.3,0,0,20,62.3,41.6,64.0,58.1,34.3,40.8,13.3,2,1,149,156,2.0,3,6
Leki Fotu,44614,DI,HST,10,3,1.9,0,0,13,60.0,41.8,84.1,51.6,41.3,29.5,23.1,3,0,123,126,4.1,5,7
Terrell Burgess,45255,S,NO,11,1,9.6,0,0,20,71.4,79.5,79.4,59.0,80.1,76.3,0.0,0,0,54,56,0.0,0,9
Jordan Fuller,45326,S,ATL,2,0,2.0,0,0,2,53.0,60.5,70.8,,70.1,29.3,0.0,0,0,9,9,0.0,0,1
Eyioma Uwazurike,45414,DI,DEN,19,14,2.5,0,0,10,61.3,62.7,71.6,52.0,67.3,40.0,12.2,6,1,220,227,10.9,24,29
Brandon Stephens,45644,CB,NYJ,16,7,5.0,0,1,22,63.0,67.0,88.4,62.0,75.4,71.9,9.4,3,3,449,459,2.7,12,22
Andrew Beck,47121,FB,NYJ,1,0,,0,0,22,,60.0,60.0,,60.0,,,0,0,1,1,0.0,0,0
Nick Westbrook-Ikhine,47861,WR,MIA,1,0,,0,0,17,,60.0,60.0,,60.0,,,0,0,1,1,0.0,0,0
Da'Shawn Hand,48386,DI,LAC,14,4,1.9,0,0,27,65.3,59.2,57.6,54.9,62.0,67.6,4.5,1,2,189,195,6.9,13,17
Jalyn Holmes,48400,DI,WAS,10,5,3.7,0,0,32,57.3,57.8,85.9,51.3,61.7,60.2,5.0,1,0,134,137,6.7,9,14
Kentavius Street,48404,DI,ATL,7,7,1.8,0,0,2,63.3,53.3,82.9,56.3,49.8,66.7,5.0,1,0,103,106,10.7,11,12
Anthony Nelson,48405,ED,TB,15,9,2.8,0,0,30,59.1,65.5,88.2,71.9,52.0,50.5,4.5,1,0,142,145,6.3,9,12
Jonathan Greenard,48407,ED,MIN,12,8,1.4,1,0,18,47.8,74.2,27.5,77.6,77.8,29.2,12.5,4,5,215,224,8.8,19,20
Mike Danna,48415,ED,KC,15,12,2.2,0,0,16,59.7,57.3,88.9,56.7,55.0,64.4,8.7,2,0,178,184,3.9,7,9
Tyquan Lewis,48475,ED,IND,13,1,1.8,1,0,14,55.8,46.1,44.0,51.4,49.4,39.4,0.0,0,3,93,96,4.3,4,4
Carl Granderson,48500,ED,NO,17,11,4.5,0,0,20,68.5,65.2,59.5,61.5,64.4,43.1,17.0,8,3,310,323,5.8,18,28
Bradley Chubb,48526,ED,MIA,17,11,2.5,0,0,17,30.0,54.5,77.4,60.3,57.2,28.8,13.2,5,3,300,308,4.7,14,22
Dorance Armstrong,48557,ED,WAS,7,5,2.6,0,0,32,49.2,77.6,56.7,71.2,77.5,82.3,0.0,0,1,90,92,8.9,8,11
Harold Landry III,48600,ED,NE,18,3,2.9,0,0,19,81.7,71.1,64.5,59.4,63.4,63.7,9.5,2,3,237,243,3.8,9,16
Roy Lopez,48676,DI,DET,17,8,1.6,0,0,11,64.1,68.7,54.4,63.6,68.9,53.0,7.1,2,2,185,186,6.5,12,18
Harrison Phillips,48690,DI,NYJ,17,19,2.1,0,0,22,57.7,72.5,88.1,56.2,76.1,60.8,5.5,3,0,339,349,8.0,27,33
Daron Payne,48698,DI,WAS,15,10,2.4,0,1,32,72.0,60.8,73.4,64.5,49.0,29.8,15.9,7,1,230,234,9.1,21,27
Greg Gaines,48706,DI,TB,17,3,2.2,0,0,30,57.2,48.2,48.9,53.1,51.2,49.7,9.1,2,2,156,158,7.7,12,17
Marlon Davidson,48741,DI,HST,1,0,,0,0,13,,35.4,71.8,56.2,45.5,,,0,0,4,4,0.0,0,0
Taven Bryan,48753,DI,BLT,5,0,,0,0,3,62.7,44.9,80.5,52.2,37.9,26.2,,0,0,28,29,0.0,0,0
L.J. Collier,48822,DI,ARZ,4,2,3.0,0,0,1,,60.4,80.0,63.6,55.5,71.4,0.0,0,0,44,48,2.3,1,4
Daniel Ekuale,48874,DI,PIT,6,3,2.5,0,0,25,60.0,73.3,79.2,70.2,66.6,32.9,12.5,1,0,28,28,14.3,4,4
Poona Ford,48875,DI,LA,20,11,2.7,0,0,26,63.1,86.0,88.2,76.3,78.6,43.2,7.4,4,0,272,283,10.7,29,39
Vita Vea,48956,DI,TB,17,10,1.5,1,0,30,56.9,72.8,68.6,77.0,62.5,39.1,5.9,2,2,239,246,7.1,17,22
Tim Settle,48966,DI,HST,12,1,1.0,0,0,13,60.9,71.3,49.6,78.0,61.3,27.5,23.1,3,2,160,166,5.0,8,9
Nick Scott,49012,S,CAR,18,16,8.5,0,0,5,61.0,62.3,25.3,74.8,68.0,71.4,13.6,8,4,458,474,3.1,14,35
Josh Woods,49023,LB,ATL,4,1,4.0,0,0,2,63.8,63.9,72.4,,60.4,46.4,0.0,0,0,10,10,0.0,0,1
Justin Reid,49048,S,NO,15,14,6.1,0,0,20,59.2,66.7,61.9,75.2,77.0,57.0,15.9,7,2,361,377,2.5,9,23
Tre Flowers,49059,CB,PIT,1,0,,0,0,25,66.3,66.7,71.7,,60.0,,,0,0,1,1,0.0,0,0
Jalen Thompson,49116,S,ARZ,15,7,11.3,0,0,1,69.2,68.7,84.3,60.5,63.2,85.9,8.6,3,1,371,381,1.1,4,25
Jessie Bates III,49162,S,ATL,17,20,8.2,0,0,2,59.6,64.5,62.4,66.6,73.4,84.3,6.7,4,1,413,424,2.9,12,36
Elijah Campbell,49190,S,MIA,1,0,,0,0,17,35.0,29.8,71.2,60.0,60.0,24.2,,0,0,6,6,0.0,0,0
Ronnie Harrison,49206,LB,ATL,10,7,3.3,0,0,2,52.0,62.3,25.7,77.7,71.7,40.5,5.0,1,1,113,118,5.3,6,12
Demetrius Flannigan-Fowles,49231,LB,NYG,6,4,2.7,0,0,21,48.9,47.7,80.0,68.1,47.4,55.1,18.8,3,0,87,90,4.6,4,9
Andrew Wingard,49268,S,JAX,17,12,5.9,0,0,15,48.8,58.5,88.1,55.9,80.9,61.1,10.2,5,2,302,312,4.0,12,32
Carlton Davis III,49335,CB,NE,21,8,4.1,0,0,19,71.8,74.0,69.9,55.5,80.4,80.2,6.5,2,13,419,428,2.1,9,21
Kindle Vildor,49346,CB,TB,5,3,3.0,0,0,30,56.8,59.3,81.8,,72.1,76.8,0.0,0,0,39,40,5.1,2,2
Jaire Alexander,49350,CB,PHI,2,0,,0,0,24,31.0,36.9,77.7,,72.6,54.3,,0,1,17,18,0.0,0,0
Ugo Amadi,49352,CB,NO,1,0,,0,0,20,,60.0,61.7,,60.0,,,0,0,1,1,0.0,0,0
Isaac Yiadom,49355,CB,NO,4,3,,0,0,20,54.9,50.3,80.9,,29.7,62.3,0.0,0,1,45,48,0.0,0,0
Chris Lammons,49368,CB,IND,4,1,0.0,0,0,14,80.6,74.3,79.1,69.2,41.5,57.3,0.0,0,0,41,42,2.4,1,1
C.J. Gardner-Johnson,49371,S,CHI,14,7,3.6,2,1,6,44.9,51.4,62.5,59.3,67.0,44.7,12.5,4,3,298,304,4.0,12,21
Jaylon Jones,49374,CB,CHI,2,0,,0,0,6,74.4,74.5,76.1,,66.6,78.6,,0,0,18,19,0.0,0,0
Donte Jackson,49377,CB,LAC,18,4,4.7,0,0,27,73.4,70.8,86.9,,47.3,27.8,36.4,4,1,206,214,0.5,1,3
Cam Lewis,49395,S,BUF,13,6,7.1,2,0,4,58.0,60.0,82.5,56.8,65.0,47.7,18.8,3,3,123,127,3.3,4,7
M.J. Stewart,49397,S,HST,7,4,4.5,0,0,13,42.4,49.4,80.8,56.2,79.5,63.0,0.0,0,1,70,75,2.9,2,4
Donovan Wilson,49408,S,DAL,15,12,6.8,1,1,9,38.8,50.8,86.2,59.0,73.9,41.8,12.2,5,2,328,339,2.7,9,24
Julian Blackmon,49434,S,NO,1,0,1.0,0,0,20,76.6,82.4,77.0,,69.2,83.7,0.0,0,0,23,24,4.3,1,1
Taron Johnson,49511,CB,BUF,15,4,5.1,0,0,4,63.7,57.9,85.1,36.8,44.4,68.3,15.0,3,4,208,212,1.9,4,13
Nick McCloud,49535,CB,CHI,14,2,6.6,0,0,6,51.4,49.9,84.3,48.7,46.0,61.9,22.2,2,3,168,172,1.8,3,5
Denzel Ward,49558,CB,CLV,15,2,8.5,0,0,8,59.7,59.2,87.2,45.2,55.7,39.2,21.1,4,3,318,325,1.9,6,13
Ashtyn Davis,49560,S,MIA,14,7,6.2,0,0,17,52.2,51.1,83.5,54.1,49.6,40.7,23.1,9,0,282,288,3.5,10,23
Rock Ya-Sin,49564,CB,DET,16,3,5.7,1,0,11,64.8,62.8,86.4,60.3,50.8,81.0,11.8,2,8,221,224,1.8,4,12
Matt Dickerson,49601,DI,JAX,9,4,1.5,0,0,15,60.0,59.1,54.6,59.4,59.8,73.6,0.0,0,1,94,97,5.3,5,6
Zach Allen,49605,DI,DEN,19,9,3.2,1,0,10,66.3,63.5,60.9,76.6,39.3,28.8,10.5,4,3,265,275,6.4,17,25
Cole Holcomb,49753,LB,PIT,8,3,4.4,0,1,25,65.6,72.6,79.5,54.1,74.7,64.3,9.5,2,0,94,95,7.4,7,16
Quincy Williams,49779,LB,NYJ,13,11,2.5,0,0,22,35.2,45.5,59.7,66.9,57.3,50.7,11.1,6,2,338,347,7.7,26,37
Azeez Al-Shaair,49792,LB,HST,18,23,4.5,0,0,13,69.0,75.8,66.1,61.0,82.4,63.6,4.4,3,2,349,358,6.0,21,42
Zaire Franklin,49834,LB,IND,17,24,2.8,0,1,14,29.9,38.4,33.5,57.5,54.9,47.3,16.0,13,3,403,410,6.5,26,44
Christian Rozeboom,49862,LB,CAR,16,22,5.2,0,0,5,42.3,48.4,62.7,61.7,56.6,49.4,10.1,8,1,401,416,6.7,27,49
B.J. Hill,49894,DI,CIN,17,19,3.2,0,0,7,60.7,68.6,66.5,63.6,68.0,68.9,1.6,1,2,311,316,9.3,29,41
Sebastian Joseph-Day,49935,DI,TEN,17,8,2.0,0,0,31,60.3,66.6,73.3,65.7,62.9,52.8,9.3,4,1,246,251,11.0,27,31
Jerry Tillery,49949,DI,KC,17,6,3.3,0,0,16,,49.0,68.3,55.3,48.1,27.3,21.7,5,1,174,181,4.0,7,12
Derrick Nnadi,49970,DI,KC,15,7,2.6,0,0,16,58.2,43.6,64.9,50.2,46.0,33.8,14.3,3,1,190,198,4.2,8,11
Broderick Washington,50049,DI,BLT,3,1,2.0,0,0,3,,30.4,80.8,62.3,27.7,69.9,0.0,0,0,52,53,3.8,2,2
Uchenna Nwosu,50084,ED,SEA,19,4,2.7,3,0,29,40.1,55.6,25.7,62.7,60.8,48.0,4.5,1,6,196,200,5.6,11,17
John Franklin-Myers,50088,DI,DEN,18,4,1.5,1,0,10,52.7,63.0,17.0,68.0,66.6,34.0,16.7,3,6,148,157,6.8,10,11
Josh Sweat,50120,ED,ARZ,17,7,3.0,0,0,1,43.4,74.2,63.7,73.6,69.8,69.3,0.0,0,2,164,168,3.7,6,8
Ogbo Okoronkwo,50130,ED,PHI,1,0,,0,0,24,60.0,39.1,68.7,56.5,60.0,25.0,,0,0,2,2,0.0,0,0
Jacob Martin,50152,ED,WAS,17,7,3.0,0,0,32,30.1,58.4,66.6,63.9,60.9,36.7,17.6,6,2,265,269,5.3,14,21
Malcolm Roach,50191,DI,DEN,14,11,1.8,0,0,10,65.7,62.5,57.7,63.4,57.8,32.8,16.7,7,2,218,222,8.3,18,24
Arden Key,50201,ED,TEN,12,7,0.3,1,0,31,76.9,63.7,50.7,56.7,71.1,56.5,0.0,0,3,132,139,1.5,2,3
Oren Burks,50203,LB,CIN,16,9,5.3,0,1,7,28.1,30.2,83.4,73.2,50.1,27.2,22.6,7,1,188,190,4.3,8,15
Josh Hines-Allen,50235,ED,JAX,18,4,2.9,0,0,15,68.2,87.3,77.3,83.8,72.4,56.1,8.6,3,4,260,271,5.8,15,28
Marcus Davenport,50291,ED,DET,8,5,2.6,0,0,11,53.7,52.4,86.2,55.8,51.8,47.1,14.3,2,0,128,129,3.9,5,7
Cornell Armstrong,50351,CB,MIA,3,0,,0,0,17,48.1,49.4,77.4,52.3,63.7,29.9,,0,0,13,13,0.0,0,0
Isaiah Oliver,50393,S,NYJ,13,4,8.1,3,0,22,49.1,44.5,79.8,63.9,40.5,49.9,21.7,5,4,143,147,3.5,5,14
A.J. Green III,50394,CB,MIA,1,0,,0,0,17,62.9,64.0,68.9,,60.0,,,0,0,5,5,0.0,0,0
Jeremy Reaves,50406,S,WAS,15,16,7.1,1,0,32,62.6,63.7,57.8,59.0,65.5,54.6,14.9,7,3,288,294,2.8,8,24
Juan Thornhill,50426,S,JAX,8,3,9.0,0,0,15,35.9,36.9,85.4,57.9,57.0,66.2,20.0,2,0,93,94,2.2,2,5
Jalen Davis,50431,CB,CIN,7,0,1.0,0,0,7,65.1,65.5,79.7,85.4,52.7,47.8,20.0,1,1,82,83,3.7,3,4
Mike Jackson,50437,CB,CAR,18,2,3.6,1,1,5,85.8,83.5,69.6,53.2,68.6,55.4,25.0,6,3,463,479,1.9,9,16
Parry Nickerson,50511,CB,PHI,1,0,,0,0,24,56.0,56.6,70.6,,60.0,75.7,,0,0,3,3,0.0,0,0
Avonte Maddox,50543,S,DET,9,7,10.6,0,0,11,75.0,79.1,84.6,61.3,75.7,61.5,0.0,0,1,116,118,0.9,1,8
Charles Omenihu,50612,ED,KC,17,4,3.6,0,0,16,52.1,62.0,31.1,58.8,75.0,50.3,12.5,3,5,167,174,6.0,10,17
Luke Gifford,50675,LB,SF,13,6,1.7,0,0,28,29.9,42.8,80.2,60.0,55.7,56.2,18.2,2,0,113,120,1.8,2,3
Cody Barton,50727,LB,TEN,17,18,4.3,0,0,31,56.9,52.5,87.2,60.2,46.0,75.3,6.5,3,0,412,425,3.2,13,25
Jordyn Brooks,50851,LB,MIA,17,38,3.1,0,1,17,52.7,77.8,31.7,75.0,92.0,90.4,2.9,3,3,403,415,9.9,40,63
Roquan Smith,50892,LB,BLT,15,24,4.2,0,0,3,74.4,74.5,87.5,42.9,77.2,75.3,2.9,2,2,310,319,7.7,24,44
Tremaine Edmunds,50905,LB,CHI,15,25,4.0,0,0,6,52.9,66.0,86.8,54.9,81.1,74.3,6.7,5,1,372,381,7.5,28,45
Robert Spillane,50918,LB,NE,17,26,2.8,0,0,19,62.9,71.8,87.9,52.5,83.4,51.1,4.4,3,0,315,325,7.3,23,39
Bobby Okereke,50954,LB,NYG,17,18,4.9,1,0,21,65.2,56.3,48.5,65.5,45.5,50.2,16.5,16,3,421,433,8.1,34,63
Frankie Luvu,51028,LB,WAS,17,15,4.4,1,1,32,44.8,53.7,65.3,58.2,62.4,30.2,22.8,13,2,444,453,4.3,19,29
Tyrel Dodson,51045,LB,MIA,16,16,3.0,1,0,17,45.4,55.3,64.6,66.2,66.1,64.7,8.8,6,3,367,379,7.6,28,46
Jahlani Tavai,51055,LB,NE,16,12,3.3,0,1,19,50.0,56.9,84.0,44.9,65.6,56.3,13.9,5,1,156,161,6.4,10,19
Julian Love,51081,S,SEA,11,6,6.0,0,0,29,82.7,79.8,87.6,54.6,65.4,59.3,15.8,3,1,213,217,1.4,3,10
Marcelino McCrary-Ball,51112,LB,NYJ,4,2,2.5,1,0,22,44.9,46.4,0.0,58.7,63.5,84.6,0.0,0,2,57,60,7.0,4,4
Taylor Rapp,51172,S,BUF,6,3,9.3,0,0,4,47.3,44.6,81.5,,45.4,36.5,31.3,5,0,141,144,1.4,2,8
P.J. Locke,51189,S,DEN,7,3,8.2,0,1,10,59.1,61.0,23.6,57.5,69.5,64.6,0.0,0,1,113,113,2.7,3,9
Minkah Fitzpatrick,51206,S,MIA,14,12,13.7,1,0,17,78.3,81.8,63.4,77.1,79.6,61.4,11.9,5,4,346,357,1.4,5,25
Fred Warner,51222,LB,SF,6,7,4.6,0,0,28,91.5,93.2,83.4,57.5,91.3,74.4,6.9,2,0,122,126,7.4,9,20
Drue Tranquill,51276,LB,KC,17,18,2.9,1,1,16,61.0,76.2,85.1,56.7,89.4,86.9,1.4,1,1,373,385,7.2,27,52
Mike Edwards,51282,S,KC,6,1,5.4,0,0,16,53.7,54.9,79.9,58.3,62.7,38.6,25.0,2,0,41,41,4.9,2,5
Kristian Welch,51283,LB,GB,2,0,,0,0,12,,66.1,64.4,,60.0,,,0,0,1,2,0.0,0,0
Will Harris,51336,S,WAS,9,7,10.0,1,0,32,55.3,58.4,83.8,77.8,61.6,54.6,12.5,3,2,211,217,0.9,2,14
Derwin James Jr.,51368,S,LAC,17,12,4.8,0,0,27,80.0,78.7,50.1,73.1,71.1,61.2,12.8,6,3,346,358,3.8,13,29
Amani Hooker,51378,S,TEN,16,10,5.2,0,0,31,44.8,51.9,63.1,73.8,64.9,61.3,14.9,7,1,359,369,3.6,13,30
Marcus Epps,51391,S,PHI,7,2,3.6,0,0,24,45.3,51.8,23.5,,80.9,74.9,9.1,1,2,122,123,4.9,6,8
Jaylinn Hawkins,51423,S,NE,19,10,8.1,0,1,19,74.7,74.9,47.9,57.4,79.7,66.8,10.0,4,2,398,408,1.3,5,26
Kaden Elliss,51485,LB,ATL,17,23,3.2,0,0,2,61.8,67.8,88.7,83.6,56.9,60.1,8.6,6,0,421,432,5.2,22,41
Dre Greenlaw,51503,LB,DEN,10,21,2.8,0,0,10,64.4,76.1,81.6,49.0,86.9,70.4,2.9,1,0,155,159,5.2,8,12
Kenny Moore II,51596,CB,IND,14,6,2.4,2,0,14,62.1,66.7,58.8,58.6,84.4,67.3,5.9,1,6,228,231,3.1,7,10
Khyiris Tonga,52000,DI,NE,17,9,2.1,0,0,19,75.3,67.4,87.4,73.9,55.4,46.6,9.7,3,0,192,198,7.8,15,19
Claudin Cherelus,52094,LB,CAR,8,12,3.6,0,0,5,29.4,51.5,80.3,70.2,76.1,59.8,0.0,0,0,142,145,5.6,8,13
Paulson Adebo,52280,CB,NYG,12,4,11.2,0,0,21,57.9,58.4,87.1,60.0,56.8,65.8,15.8,3,3,285,294,0.7,2,12
Ivan Pace Jr.,53587,LB,MIN,15,13,3.1,0,0,18,29.9,45.1,33.8,72.5,56.2,50.0,15.9,7,1,168,176,6.5,11,24
Carrington Valentine,53750,CB,GB,16,2,8.2,2,0,12,61.6,62.3,65.8,68.6,62.0,40.2,21.4,3,4,336,346,0.3,1,9
C.J. Brewer,54409,DI,TB,5,1,7.5,0,0,30,60.0,53.1,76.9,59.5,52.4,71.1,0.0,0,0,23,24,0.0,0,2
Malcolm Koonce,55015,ED,LV,17,7,2.1,1,0,23,41.6,59.1,51.1,59.4,66.1,52.7,5.3,1,3,148,153,6.8,10,11
Coby Bryant,55088,S,SEA,18,14,8.0,0,0,29,67.2,70.3,92.1,66.8,75.2,41.4,18.2,8,0,377,388,1.9,7,22
Boye Mafe,55220,ED,SEA,20,7,3.2,2,0,29,73.0,70.3,28.7,69.2,67.8,67.3,7.7,2,5,194,203,6.7,13,17
Esezi Otomewo,55221,DI,PIT,13,5,1.0,0,0,25,60.5,49.9,50.3,52.7,53.4,39.3,12.5,1,1,81,82,2.5,2,2
Mark Robinson,55265,LB,PIT,1,0,,0,0,25,60.0,74.0,64.6,,64.8,,,0,0,3,3,0.0,0,0
Tycen Anderson,55351,S,CIN,6,0,10.0,0,0,7,53.4,50.8,75.3,,52.8,82.3,0.0,0,0,27,27,0.0,0,1
Kalia Davis,55389,DI,SF,19,6,1.5,1,0,28,62.9,38.7,74.7,52.4,33.9,42.4,11.5,3,1,243,253,4.1,10,17
Ja'Sir Taylor,55426,CB,NYJ,6,1,4.8,0,0,22,50.3,41.1,81.0,59.0,28.1,36.8,28.6,2,0,63,64,3.2,2,4
Elijah Hicks,55584,S,CHI,5,2,17.0,0,0,6,72.6,73.0,81.4,49.6,67.4,83.2,0.0,0,0,5,5,0.0,0,1
A.J. Terrell,55586,CB,ATL,15,4,6.3,3,0,2,57.3,57.7,65.5,57.9,59.1,51.9,15.2,5,12,365,374,2.7,10,24
Josh Blackwell,55589,CB,CHI,1,0,,0,0,6,63.9,64.7,67.8,,60.0,73.0,,0,0,1,1,0.0,0,0
Marco Wilson,55592,CB,CIN,1,0,,0,0,7,36.4,39.0,74.7,,60.3,29.5,,0,0,7,7,0.0,0,0
CJ Henderson,55593,CB,ATL,3,3,9.0,0,0,2,60.8,61.9,80.5,,63.7,55.3,20.0,1,0,54,55,0.0,0,1
Lonnie Johnson Jr.,55615,S,LV,9,5,14.3,0,0,23,49.5,43.7,84.8,56.4,34.6,38.2,31.3,5,1,106,107,0.0,0,6
Amik Robertson,55619,CB,DET,16,1,6.2,1,0,11,48.0,48.6,87.4,57.8,49.0,30.7,40.0,4,3,277,281,0.7,2,5
Jeff Okudah,55674,CB,MIN,5,0,,1,0,18,35.7,32.4,0.0,60.0,64.5,83.2,,0,2,19,21,0.0,0,0
Tre Brown,55677,CB,NYJ,2,1,5.5,0,0,22,60.4,43.7,73.3,66.0,29.3,30.1,12.5,1,0,32,33,3.1,1,6
Deommodore Lenoir,55686,CB,SF,19,6,5.3,0,0,28,65.7,60.3,20.1,66.7,44.3,46.7,20.7,6,10,456,473,1.8,8,17
Marcus Jones,55717,CB,NE,21,7,7.8,1,0,19,74.2,73.4,63.6,79.6,60.1,66.5,22.2,8,2,244,249,4.1,10,21
Darious Williams,55724,CB,LA,14,1,6.8,0,0,26,61.4,64.7,85.9,54.1,76.6,54.8,14.3,1,2,192,196,1.0,2,5
Ja'Marcus Ingram,55738,CB,HST,6,1,0.0,0,0,13,46.8,40.3,80.7,58.3,28.5,28.8,33.3,1,0,34,35,2.9,1,1
Xavier McKinney,55775,S,GB,17,20,7.6,0,0,12,77.4,79.3,66.4,67.2,82.8,90.6,3.5,2,2,436,451,1.6,7,35
Montaric Brown,55797,CB,JAX,15,2,5.9,1,0,15,74.0,72.0,61.0,58.5,59.1,71.4,25.0,4,3,245,253,1.6,4,10
Kamren Curl,55800,S,LA,20,24,8.3,2,0,26,71.9,77.8,94.1,65.6,87.9,87.0,7.0,5,3,474,487,3.6,17,42
Arron Mosby,55908,ED,GB,2,0,,0,0,12,60.0,37.7,0.0,59.0,51.1,,,0,1,7,7,0.0,0,0
Eric Stokes,55912,CB,LV,16,4,4.9,0,0,23,73.5,73.6,88.6,,66.8,61.6,21.7,5,2,442,452,1.4,6,14
Grant Stuard,55933,LB,DET,4,0,0.7,0,0,11,62.6,66.8,69.9,,63.5,33.4,25.0,1,0,10,10,30.0,3,3
Bryan Cook,55940,S,KC,17,15,6.8,0,0,16,83.2,83.5,61.3,58.3,80.1,88.4,4.9,2,1,344,354,2.6,9,24
Nate Hobbs,55948,CB,GB,9,5,4.3,1,0,12,58.1,61.7,83.6,50.7,77.4,64.7,0.0,0,3,106,109,1.9,2,4
Tony Adams,55953,S,NYJ,10,8,5.8,1,0,22,67.1,63.7,83.7,61.7,51.6,53.2,24.1,7,3,193,197,3.1,6,14
Raheem Layne,55960,S,NYG,2,0,2.0,0,0,21,67.6,63.4,80.2,56.6,48.0,30.5,40.0,2,0,42,43,4.8,2,3
Geno Stone,55967,S,CIN,17,11,6.9,0,0,7,50.7,54.3,92.3,72.8,53.9,33.3,17.4,8,0,399,407,3.8,15,27
Markquese Bell,56033,S,DAL,12,4,7.0,1,0,9,45.3,46.8,82.8,66.9,53.6,66.1,12.5,2,3,129,134,4.7,6,10
Benjamin St-Juste,56061,CB,LAC,15,2,5.2,0,0,27,77.8,76.3,37.6,,67.2,80.7,12.5,1,2,113,115,1.8,2,5
Reed Blankenship,56065,S,PHI,17,12,7.3,0,1,24,29.9,42.6,89.6,67.8,75.3,71.6,9.3,5,2,411,415,2.7,11,37
Ty Okada,56089,S,SEA,16,6,6.6,0,0,29,70.0,73.1,88.5,71.2,73.9,72.3,14.3,4,1,230,239,3.5,8,18
Kemon Hall,56123,CB,TEN,2,0,4.0,0,0,31,60.4,58.8,75.4,67.4,48.9,45.9,33.3,1,0,15,15,6.7,1,2
Jason Pinnock,56144,S,SF,16,5,6.1,0,0,28,43.5,49.8,84.2,59.2,67.0,45.1,16.7,4,0,193,200,3.6,7,15
Tre Avery,56146,CB,CLV,2,1,,0,0,8,52.5,55.9,76.2,,71.4,80.1,0.0,0,0,5,5,0.0,0,0
DaRon Bland,56158,CB,DAL,12,6,3.4,0,0,9,64.5,65.2,85.8,38.2,68.7,60.9,21.1,4,0,265,272,1.1,3,9
Marte Mapu,56159,LB,NE,5,0,3.0,0,0,19,79.7,80.4,77.4,72.1,61.1,84.4,0.0,0,0,9,9,11.1,1,1
Keisean Nixon,56167,CB,GB,18,4,5.5,2,0,12,68.7,66.7,1.2,74.2,67.1,77.9,9.5,2,13,419,432,1.4,6,15
Ifeatu Melifonwu,56203,S,MIA,15,1,10.7,0,0,17,63.5,62.9,83.8,61.4,57.5,54.2,19.2,5,0,199,203,1.5,3,20
Christian Braswell,56207,CB,JAX,5,0,,0,0,15,66.5,67.2,81.6,,65.8,70.7,,0,0,28,29,0.0,0,0
Quentin Lake,56245,S,LA,13,15,3.8,2,0,26,65.0,69.5,85.6,63.8,76.8,72.1,17.5,7,6,307,314,3.3,10,18
Darnay Holmes,56247,CB,LV,9,0,4.0,2,0,23,46.2,46.7,80.9,58.4,51.4,68.5,0.0,0,3,23,23,8.7,2,2
Jaylon Johnson,56259,CB,CHI,9,1,2.8,1,0,6,60.3,58.7,84.9,52.4,51.2,49.2,36.4,4,1,165,167,2.4,4,6
Keith Taylor Jr.,56289,CB,JAX,1,2,4.0,0,0,15,60.9,60.9,77.2,,59.0,81.0,0.0,0,0,29,29,3.4,1,1
Elijah Molden,56290,S,LAC,13,4,6.5,1,0,27,49.2,52.7,85.8,,62.9,53.6,22.7,5,3,197,202,2.5,5,13
Devon Key,56307,S,DEN,4,0,9.0,0,0,10,83.6,88.5,75.9,,65.7,82.4,0.0,0,0,14,14,0.0,0,1
Chris Rumph II,56345,ED,NO,17,7,2.4,0,0,20,51.6,62.9,85.6,57.5,67.8,62.3,7.4,2,0,172,179,8.1,14,18
Victor Dimukeje,56347,ED,NYG,3,1,,0,0,21,60.0,65.6,74.0,54.7,48.8,70.5,0.0,0,0,11,11,0.0,0,0
Zach Carter,56349,DI,ARZ,4,4,3.4,0,1,1,60.0,73.5,79.9,47.8,81.2,47.9,7.1,1,0,57,58,7.0,4,9
A.J. Epenesa,56369,ED,BUF,18,2,3.4,0,0,4,74.0,58.9,52.9,63.4,48.5,49.9,11.1,3,3,210,213,7.1,15,22
Andre Jones Jr.,56395,ED,BUF,3,1,2.3,0,0,4,,65.6,81.2,55.7,68.4,74.8,0.0,0,0,29,29,10.3,3,4
Chase Young,56436,ED,NO,12,5,2.1,1,0,20,49.6,78.0,46.0,86.3,63.6,44.7,8.3,2,3,217,224,6.5,14,17
Yetur Gross-Matos,56444,ED,SF,10,3,5.6,0,0,28,58.9,59.5,56.2,73.1,38.2,28.7,27.3,3,1,58,58,3.4,2,5
Patrick Johnson,56460,ED,PHI,7,0,,0,0,24,27.8,35.7,80.8,56.2,44.0,29.0,100.0,2,1,55,55,0.0,0,0
Cam Sample,56462,ED,CIN,13,1,2.2,0,0,7,53.8,54.1,84.8,53.9,56.5,61.0,9.1,1,0,99,101,8.1,8,9
LaBryan Ray,56501,DI,CAR,13,5,3.4,0,0,5,59.5,45.7,14.0,45.6,56.7,60.6,0.0,0,2,85,88,7.1,6,8
Phidarian Mathis,56504,DI,BUF,7,7,2.2,0,0,4,,34.2,81.9,52.7,33.7,26.6,23.5,4,0,75,76,4.0,3,6
D.J. Davidson,56523,DI,NYG,15,2,1.9,0,0,21,,50.3,85.8,56.7,47.0,72.6,0.0,0,0,129,134,4.7,6,8
T.J. Slaton,56597,DI,CIN,17,16,3.3,1,0,7,60.0,44.0,75.4,57.9,41.1,58.1,1.9,1,1,297,304,5.7,17,35
Malik Herring,56616,ED,KC,2,0,,0,0,16,,44.1,73.0,57.1,50.7,,,0,0,4,4,0.0,0,0
Quinton Bohanna,56673,DI,GB,6,2,3.7,0,0,12,,44.9,78.0,53.1,46.8,29.1,16.7,1,0,31,32,6.5,2,3
Milton Williams,56682,DI,NE,16,8,0.5,0,0,19,60.8,72.6,87.1,80.9,48.6,33.3,16.7,4,0,183,190,5.5,10,12
DJ Johnson,56704,ED,CAR,4,0,4.0,0,0,5,61.2,54.8,77.8,54.6,55.0,72.8,0.0,0,0,34,34,2.9,1,2
Jonathan Ford,56705,DI,GB,10,2,3.0,0,0,12,60.0,43.5,41.2,51.6,47.3,26.9,22.2,2,1,83,84,4.8,4,5
Kwity Paye,56713,ED,IND,17,11,1.8,0,0,14,36.5,59.0,89.3,56.8,65.8,43.8,6.9,2,0,263,267,4.9,13,16
Jordan Elliott,56734,DI,SF,18,12,2.8,1,0,28,58.3,44.5,29.9,61.0,42.3,59.1,6.3,2,4,236,245,4.2,10,18
Jordon Riley,56759,DI,GB,4,0,1.7,0,0,12,,34.7,79.6,56.9,33.3,26.7,25.0,1,0,38,39,5.3,2,3
Javon Kinlaw,56834,DI,WAS,17,7,1.9,3,1,32,59.5,46.8,16.3,59.4,47.6,28.9,15.6,7,8,309,316,7.1,22,31
Kingsley Jonathan,56856,ED,NYJ,1,1,,0,0,22,,52.3,76.0,55.4,54.4,24.3,50.0,1,0,11,11,0.0,0,0
Arnold Ebiketie,56862,ED,ATL,17,7,2.2,0,0,2,64.5,74.9,85.5,73.4,65.2,57.5,4.0,1,0,175,179,5.7,10,17
Ta'Quon Graham,56868,DI,ATL,2,0,2.5,0,0,2,,36.6,78.3,57.9,36.0,70.5,0.0,0,0,37,37,5.4,2,4
Micheal Clemons,56872,ED,NYJ,16,7,1.7,0,0,22,61.7,59.9,67.6,59.8,58.6,28.7,18.2,4,2,246,251,4.5,11,11
Jaelan Phillips,56902,ED,PHI,18,16,2.8,0,0,24,69.7,74.2,72.2,76.2,60.3,37.8,13.7,7,2,345,350,6.7,23,28
Jay Tufele,56913,DI,NYJ,12,1,4.0,0,0,22,60.0,51.0,56.1,51.1,55.8,28.3,26.7,4,1,100,100,6.0,6,10
Dayo Odeyingbo,56923,ED,CHI,8,4,2.0,0,0,6,51.7,53.5,72.2,57.0,53.2,69.1,0.0,0,2,146,151,6.8,10,11
DeAngelo Malone,56941,ED,ATL,2,0,10.0,0,0,2,77.4,55.7,74.9,49.7,49.6,69.9,0.0,0,0,4,4,0.0,0,1
Jordan Jackson,56957,DI,DEN,5,4,2.0,0,0,10,60.0,51.4,79.6,56.0,50.0,72.6,0.0,0,0,34,35,2.9,1,2
James Lynch,56962,DI,TEN,17,6,2.5,1,0,31,55.0,53.0,46.7,54.6,59.0,54.1,8.3,2,2,145,152,8.3,12,16
Cory Durden,56976,DI,NE,21,12,1.8,0,0,19,68.7,70.3,73.5,86.9,49.8,43.4,7.9,3,1,242,248,6.6,16,23
Larrell Murchison,57004,DI,LA,15,3,2.3,0,0,26,,61.7,81.1,55.3,64.6,73.8,0.0,0,0,57,57,1.8,1,3
Marlon Tuipulotu,57035,DI,KC,3,0,,0,0,16,61.7,38.6,74.8,55.9,30.1,66.8,,0,0,7,7,0.0,0,0
Brandon Pili,57036,DI,SEA,15,8,3.0,0,0,29,60.0,44.9,82.4,57.3,41.2,45.7,13.3,2,0,83,87,3.6,3,5
Connor Heyward,57301,TE,PIT,1,0,,0,0,25,,60.0,60.0,,60.0,,,0,0,1,1,0.0,0,0
Trey Sermon,57372,HB,PIT,1,0,,0,0,25,,60.0,60.0,,60.0,,,0,0,1,1,0.0,0,0
Jack Gibbens,57662,LB,NE,20,21,3.4,1,1,19,62.7,63.0,52.9,59.2,63.0,71.9,10.1,7,2,291,299,7.9,23,41
D'Marco Jackson,57691,LB,CHI,11,5,4.0,0,0,6,81.7,76.4,83.9,57.1,62.5,63.3,16.0,4,0,154,155,6.5,10,16
K.J. Britt,57727,LB,MIA,9,6,2.9,0,0,17,44.6,58.7,78.3,48.5,79.2,74.8,5.9,1,0,61,61,11.5,7,10
Jalen Pitre,57737,S,HST,16,10,3.2,0,0,13,83.1,84.4,84.4,64.9,79.7,58.3,13.3,6,2,301,309,5.6,17,29
Terrel Bernard,57739,LB,BUF,12,11,4.0,0,0,4,46.7,48.8,56.1,52.4,57.1,34.3,13.0,6,1,260,264,6.2,16,29
Isaiah McDuffie,57754,LB,GB,18,26,3.5,0,0,12,56.8,65.5,85.5,70.7,68.2,77.3,1.7,1,1,272,283,7.0,19,32
Baylon Spector,57782,LB,BUF,2,1,,0,0,4,62.8,77.6,74.6,60.3,76.5,73.2,0.0,0,0,7,7,0.0,0,0
Nate Landman,57788,LB,LA,20,29,3.4,0,1,26,62.1,69.4,87.3,64.2,73.8,54.0,12.5,14,1,469,482,9.0,42,69
Ventrell Miller,57809,LB,JAX,10,9,2.4,0,0,15,58.4,72.6,20.3,73.7,82.8,67.1,5.6,1,2,80,82,8.8,7,8
James Houston,57810,ED,DAL,17,4,3.8,0,0,9,66.5,69.1,22.8,69.5,67.4,63.2,5.6,1,3,104,107,5.8,6,13
Mykal Walker,57834,LB,NYJ,11,9,2.6,0,0,22,68.7,75.6,79.0,50.9,76.0,85.6,0.0,0,0,124,125,5.6,7,12
Robert Beal Jr.,57840,ED,SF,7,3,4.8,0,0,28,61.5,53.3,83.9,51.8,54.7,59.3,0.0,0,0,49,52,6.1,3,4
Del'Shawn Phillips,57868,LB,LAC,6,6,5.1,0,0,27,41.5,54.1,0.0,66.3,68.4,53.3,11.8,2,1,55,56,9.1,5,9
Jake Hummel,57879,LB,BLT,3,1,7.0,0,0,3,59.7,69.1,73.5,52.7,74.1,41.3,0.0,0,0,17,18,0.0,0,1
Jamin Davis,57905,LB,LV,2,0,9.0,0,0,23,36.2,41.6,71.9,66.7,54.3,74.7,0.0,0,0,8,8,0.0,0,1
Patrick Queen,57941,LB,PIT,18,21,4.0,1,0,25,32.4,43.5,70.3,70.5,56.0,30.1,20.7,17,2,420,430,5.5,23,44
K'Lavon Chaisson,57945,ED,NE,20,3,1.6,2,0,19,85.7,59.0,38.3,61.9,43.8,26.8,36.4,12,6,269,274,5.6,15,18
Willie Gay,57987,LB,MIA,12,2,2.5,0,0,17,69.5,66.7,81.0,61.9,55.1,85.1,0.0,0,0,40,41,5.0,2,2
Pete Werner,58093,LB,NO,17,13,3.2,0,0,20,48.1,56.4,83.3,53.0,66.8,47.4,15.1,8,0,291,303,7.9,23,32
Baron Browning,58095,ED,ARZ,15,6,1.6,1,0,1,42.7,51.6,16.8,64.0,58.8,27.3,26.1,6,5,199,207,3.5,7,11
Kenneth Murray Jr.,58099,LB,DAL,17,14,2.8,0,0,9,48.1,38.8,63.3,52.2,31.9,61.8,10.9,5,2,325,333,4.9,16,27
Derrick Barnes,58120,LB,DET,17,14,3.0,0,0,11,56.6,62.2,89.9,54.0,69.1,65.7,8.5,4,0,378,382,5.3,20,29
Buddy Johnson,58189,LB,IND,2,1,-1.0,0,0,14,33.5,32.8,74.6,57.7,56.3,76.6,0.0,0,0,9,9,11.1,1,1
Devin Lloyd,58238,LB,JAX,16,14,2.5,0,0,15,78.9,88.4,62.7,81.8,85.2,60.4,17.5,7,1,263,272,5.3,14,19
Joe Tryon-Shoyinka,58272,ED,CHI,12,4,2.4,0,0,6,63.1,72.2,84.9,67.6,66.2,78.7,0.0,0,0,68,68,10.3,7,8
Michael Carter II,60644,CB,PHI,11,7,2.3,0,0,24,48.6,57.8,82.1,63.3,77.2,58.0,6.3,1,1,98,102,8.2,8,8
James Pierre,60649,CB,PIT,11,3,16.8,0,0,25,88.9,86.2,85.3,,59.9,45.9,27.3,3,0,147,153,1.4,2,5
Grant Delpit,60685,S,CLV,17,14,4.4,0,0,8,60.8,66.6,68.4,73.2,71.5,64.8,13.0,6,1,416,425,4.3,18,26
Malcolm Rodriguez,60731,LB,DET,5,0,1.5,0,0,11,27.7,28.4,76.0,54.0,57.3,29.3,33.3,2,0,31,32,9.7,3,4
Darren Hall,60742,S,ARZ,7,1,7.1,0,0,1,46.1,51.1,77.1,56.4,69.2,52.5,0.0,0,0,72,75,4.2,3,7
Garret Wallow,60761,LB,SF,4,3,3.5,0,0,28,57.9,44.7,78.4,50.4,38.4,66.5,0.0,0,0,83,83,1.2,1,4
Isaiah Pola-Mao,60781,S,LV,17,10,8.1,0,0,23,30.2,39.8,45.8,63.5,66.5,40.2,18.0,9,3,458,472,1.1,5,31
Keion White,60998,ED,SF,16,5,2.3,0,0,28,62.8,58.1,90.2,60.4,49.3,54.0,11.1,2,0,157,168,4.5,7,11
Noah Igbinoghene,61155,CB,WAS,12,8,6.8,0,0,32,54.4,55.6,81.5,78.0,54.1,51.8,17.6,3,3,132,136,1.5,2,6
Dominique Robinson,61436,ED,CHI,13,6,2.4,0,0,6,46.5,62.1,87.3,65.0,58.0,56.1,11.1,2,0,109,110,6.4,7,10
Daiyan Henley,61500,LB,LAC,17,22,4.7,0,0,27,54.9,58.7,67.5,67.2,60.5,81.0,6.8,4,2,350,363,3.7,13,33
Tariq Woolen,61790,CB,SEA,19,0,7.0,2,0,29,62.4,59.8,0.0,70.0,64.1,36.7,10.0,1,11,278,283,1.1,3,9
Christian Elliss,61853,LB,NE,19,17,4.3,0,0,19,59.5,64.5,28.5,81.0,62.2,51.4,14.5,8,2,223,229,8.1,18,30
Charles Snowden,62775,ED,LV,13,4,1.0,0,0,23,72.3,70.5,85.3,68.3,62.3,76.2,5.6,1,0,192,196,6.8,13,13
Theo Jackson,62919,S,MIN,12,12,9.2,0,0,18,65.7,68.4,86.7,73.5,65.3,64.6,12.1,4,0,208,216,2.9,6,17
Matthew Butler,62931,DI,MIA,12,6,2.3,0,0,17,57.0,43.3,28.2,53.6,47.2,50.9,11.8,2,2,106,108,3.8,4,9
Jack Cochrane,63345,LB,KC,8,2,11.0,0,0,16,83.2,78.5,77.4,56.2,65.1,77.4,0.0,0,0,33,35,0.0,0,1
Akayleb Evans,65033,CB,CAR,6,0,5.0,0,0,5,55.0,57.7,77.3,,66.2,74.6,0.0,0,0,25,26,0.0,0,1
Samuel Womack III,65771,CB,NYJ,3,0,3.3,1,0,22,57.7,62.0,80.7,,75.5,82.8,0.0,0,1,59,60,5.1,3,4
Ty Hamilton,66298,DI,LA,17,7,4.7,0,0,26,60.0,32.7,49.6,53.1,31.8,48.9,12.5,2,1,92,92,4.3,4,7
John Ridgeway,66694,DI,NO,4,4,2.3,0,0,20,,42.7,79.8,51.4,44.7,54.1,9.1,1,0,42,45,11.9,5,6
Zyon McCollum,66769,CB,TB,13,0,4.4,0,0,30,61.9,63.9,86.5,51.4,69.9,64.8,15.0,3,1,260,267,3.8,10,17
Tristin McCollum,66771,S,LV,7,1,1.7,0,0,23,48.1,52.3,80.3,59.0,72.6,68.8,0.0,0,0,52,52,5.8,3,3
Josh Hayes,66798,CB,TB,1,0,,0,0,30,,59.9,60.0,,60.0,,,0,0,1,1,0.0,0,0
Kobie Turner,66894,DI,LA,20,12,2.5,0,0,26,59.4,80.3,63.5,83.9,66.1,29.7,14.9,7,3,302,309,7.0,21,28
Zach Sieler,66917,DI,MIA,17,10,2.3,0,0,17,58.0,60.6,60.1,53.9,69.0,48.3,5.3,2,3,286,297,5.9,17,26
Dennis Gardeck,66928,LB,JAX,18,4,1.8,0,0,15,43.3,57.7,67.6,67.6,63.3,72.7,5.6,1,4,160,165,5.6,9,13
Jonathan Owens,66930,S,CHI,4,0,,1,0,6,50.4,48.6,79.3,51.3,60.6,77.8,,0,1,5,5,0.0,0,0
Tavierre Thomas,66931,S,MIN,6,1,7.0,0,0,18,64.2,75.3,87.0,,71.7,81.8,0.0,0,0,13,14,0.0,0,1
Drake Jackson,70839,ED,WAS,3,0,2.3,0,0,32,,46.0,8.5,67.7,39.9,73.5,0.0,0,1,30,31,3.3,1,3
Easton Mascarenas-Arnold,71410,LB,CLV,4,0,2.0,0,0,8,,74.7,68.3,,69.2,73.3,0.0,0,0,12,12,8.3,1,1
Trent McDuffie,72191,CB,KC,13,3,4.4,0,0,16,74.7,75.6,87.8,50.3,78.5,83.1,10.0,2,5,251,257,2.8,7,15
Evan Williams,73864,S,GB,17,23,5.4,1,0,12,62.4,70.1,67.7,62.6,85.3,66.0,11.5,7,5,355,368,4.8,17,31
Jowon Briggs,74867,DI,NYJ,17,10,2.3,0,1,22,64.2,73.7,61.9,85.6,55.5,56.4,5.4,2,2,262,268,7.3,19,25
Jonah Laulu,75763,DI,LV,17,16,3.2,0,0,23,63.4,40.9,78.4,52.7,34.4,31.5,14.0,7,1,351,360,4.6,16,27
Chad Muma,75818,LB,NE,8,2,3.0,0,0,19,60.7,67.5,75.9,54.7,70.3,79.5,0.0,0,0,30,32,6.7,2,2
Asante Samuel Jr.,76625,CB,PIT,7,0,12.2,0,0,25,68.0,70.1,82.9,,74.1,73.2,0.0,0,0,88,89,1.1,1,5
Erick Hallett,76631,S,TEN,3,5,5.4,0,0,31,54.5,53.8,79.5,36.1,66.1,58.1,7.7,1,1,40,40,5.0,2,7
Elijah Jones,76632,CB,ARZ,1,1,21.0,0,0,1,83.0,82.4,73.5,,67.0,76.7,0.0,0,0,17,17,0.0,0,1
Andre Cisco,76641,S,NYJ,8,5,7.3,0,0,22,54.5,61.3,87.3,50.0,75.6,43.6,18.2,4,0,218,223,2.8,6,13
Juanyeh Thomas,76655,S,DAL,6,2,13.4,0,0,9,56.0,60.0,83.4,58.8,69.0,56.5,7.1,1,0,105,107,1.0,1,11
Chamarri Conner,76662,S,KC,17,22,4.8,1,0,16,46.7,53.2,86.9,66.0,63.5,38.9,18.0,11,3,399,411,3.0,12,28
Tanner Ingle,76667,S,LA,1,0,,0,0,26,60.7,69.3,99.9,,60.0,,,0,0,3,3,0.0,0,0
DJ Ivey,76670,CB,CIN,6,0,,0,0,7,71.6,69.3,80.7,58.4,46.1,64.0,100.0,1,0,25,25,0.0,0,0
DeMarvion Overshown,76729,LB,DAL,6,2,5.3,0,0,9,64.5,67.4,78.5,77.7,63.4,53.9,23.1,3,0,68,70,5.9,4,8
Zaire Barnes,76766,LB,NYG,3,0,1.9,0,0,21,49.6,48.9,75.8,72.5,49.4,31.1,20.0,2,0,38,39,13.2,5,8
Xavier Thomas,76807,ED,ARZ,3,0,,0,0,1,,60.0,73.2,59.7,59.5,,,0,0,13,13,0.0,0,0
Tyler Lacy,76836,ED,DET,10,7,2.8,0,0,11,,58.5,60.7,51.3,65.2,78.8,0.0,0,1,122,124,7.4,9,13
Will McDonald IV,76842,ED,NYJ,15,7,2.5,1,0,22,50.7,59.1,82.5,71.0,41.4,27.8,20.0,5,1,237,245,3.8,9,13
Desjuan Johnson,76850,ED,LA,9,5,3.8,0,0,26,78.7,73.1,43.2,68.3,68.3,50.1,13.3,2,1,58,60,8.6,5,8
Jalen Redmond,76861,DI,MIN,17,11,1.5,0,1,18,61.4,72.7,80.7,62.5,72.7,44.6,11.1,6,1,403,417,7.4,30,37
Greg Rousseau,76889,ED,BUF,18,9,2.4,0,0,4,59.7,86.3,82.6,75.7,85.1,72.8,2.6,1,1,261,266,7.7,20,28
Travis Jones,76914,DI,BLT,16,16,1.4,0,1,3,60.2,79.2,88.5,66.0,81.1,50.8,6.7,3,0,240,246,9.6,23,26
Logan Hall,76919,DI,TB,17,11,3.3,0,1,30,63.2,66.8,40.6,65.5,66.0,34.6,11.8,4,4,239,245,5.0,12,19
Moro Ojomo,76927,DI,PHI,18,11,2.5,0,0,24,71.3,70.6,78.6,70.6,60.4,29.3,15.4,6,1,297,301,4.7,14,22
Dante Stills,76937,DI,ARZ,17,9,2.9,0,0,1,60.0,44.9,47.1,55.4,45.3,27.5,17.8,8,3,248,259,6.9,17,28
Karl Brooks,76941,DI,GB,16,8,3.4,0,0,12,59.8,46.3,64.6,58.2,38.9,60.7,0.0,0,2,231,238,3.5,8,18
Braden Fiske,76958,DI,LA,20,5,2.0,1,0,26,69.8,57.3,54.9,64.0,44.4,27.7,15.6,5,3,209,213,7.2,15,22
Alim McNeill,76996,DI,DET,10,5,1.4,1,0,11,60.2,52.1,46.8,61.3,47.2,28.3,22.2,4,3,199,202,4.0,8,9
Yasir Abdullah,77100,LB,JAX,1,0,,0,0,15,,60.1,68.8,,60.0,,,0,0,2,2,0.0,0,0
Shaka Heyward,77120,LB,CIN,4,0,0.0,0,0,7,69.1,54.3,76.4,55.1,43.3,77.0,0.0,0,0,16,16,6.3,1,1
Payton Wilson,77127,LB,PIT,18,13,3.8,0,0,25,48.4,53.0,86.0,63.5,57.7,61.5,4.3,2,2,224,227,6.3,14,32
Anthony Goodlow,77164,DI,ARZ,3,0,-1.0,0,0,1,60.0,46.5,75.8,54.5,47.2,70.7,0.0,0,0,17,17,11.8,2,2
Zaven Collins,77190,ED,ARZ,17,1,2.3,0,0,1,59.0,71.3,72.9,69.5,71.8,38.8,8.7,2,1,191,197,8.4,16,20
Nik Bonitto,77196,ED,DEN,19,2,1.7,0,0,10,64.7,79.2,27.1,86.5,60.8,35.3,19.2,5,7,223,227,5.8,13,19
Joseph Ossai,77205,ED,CIN,14,14,2.8,2,1,7,57.4,64.0,32.0,62.4,70.7,47.1,10.5,4,5,203,207,6.4,13,20
Jarrick Bernard-Converse,77841,CB,NYG,3,0,7.0,0,0,21,66.0,69.9,71.9,,68.4,76.5,0.0,0,0,18,18,0.0,0,2
Tre'von Moehrig,77847,S,CAR,17,15,4.5,1,0,5,52.4,62.5,68.9,78.1,73.6,57.6,10.9,6,2,440,455,4.3,19,34
Ar'Darius Washington,77848,S,BLT,3,2,,0,0,3,45.1,58.7,76.6,91.6,73.6,52.4,0.0,0,0,9,9,0.0,0,0
Derion Kendrick,78022,CB,LA,7,0,2.0,0,0,26,74.7,72.8,78.5,51.9,62.6,60.0,0.0,0,0,33,33,3.0,1,1
Ryan Miller,78734,WR,NYG,1,0,,0,0,21,,60.1,,,60.0,,,0,1,1,1,0.0,0,0
Shemar Bartholomew,78995,CB,GB,1,0,2.5,0,0,12,61.1,58.7,76.4,,51.6,29.2,0.0,0,0,14,14,7.1,1,2
Cobie Durant,79126,CB,LA,20,2,4.5,1,0,26,65.1,65.5,88.9,53.5,61.7,57.0,14.3,1,4,356,366,0.8,3,4
Christian Benford,79181,CB,BUF,16,4,2.1,1,0,4,53.9,66.8,67.0,97.6,90.1,73.1,6.7,1,4,361,367,1.7,6,10
Nick Hampton,81162,ED,LA,13,3,3.5,0,0,26,55.6,60.4,81.4,54.4,67.1,77.5,0.0,0,0,47,49,2.1,1,2
Cam Jones,81244,LB,NYJ,3,0,,0,0,22,61.0,66.2,67.0,,61.8,,,0,0,3,3,0.0,0,0
Micah McFadden,81246,LB,NYG,1,1,4.0,0,0,21,65.6,64.1,70.7,,58.2,75.0,0.0,0,0,5,5,0.0,0,1
Damone Clark,81282,LB,HST,8,4,6.0,0,0,13,28.2,34.5,75.7,59.5,67.1,49.1,9.1,1,0,46,47,2.2,1,6
Durell Nchami,81292,ED,IND,3,1,,0,0,14,76.2,56.0,78.2,52.6,48.9,72.4,0.0,0,0,10,10,0.0,0,0
Cameron McGrone,81300,LB,CLV,3,0,1.0,0,0,8,27.5,28.2,78.0,52.2,66.8,27.1,50.0,1,0,10,10,10.0,1,1
Nick Bolton,81322,LB,KC,17,32,3.2,1,1,16,67.7,78.9,87.4,61.9,85.2,60.4,12.6,13,2,396,408,9.6,38,58
Dylan Horton,81335,ED,HST,18,5,3.0,0,0,13,60.0,54.9,69.3,49.8,61.4,71.1,0.0,0,1,126,129,7.9,10,13
Micah Parsons,81360,ED,GB,14,10,2.9,0,1,12,74.8,92.0,30.0,92.9,70.2,79.7,3.4,1,6,256,264,5.1,13,18
Ernest Jones,81399,LB,SEA,18,20,3.0,0,0,29,51.1,61.5,88.0,52.2,76.5,75.2,6.7,5,3,357,367,9.0,32,50
Brenton Cox Jr.,81957,ED,GB,4,1,4.3,1,0,12,60.0,54.2,21.8,67.5,44.9,53.2,33.3,2,1,31,31,3.2,1,3
Azeez Ojulari,81959,ED,PHI,3,4,2.3,0,0,24,65.1,62.5,79.9,49.4,69.3,60.4,0.0,0,0,28,28,7.1,2,4
Odafe Oweh,82161,ED,LAC,18,8,1.6,0,0,27,35.1,75.5,76.6,81.0,64.1,54.1,10.7,3,1,140,141,11.4,16,17
Thomas Booker IV,82168,DI,LV,17,18,4.1,1,1,23,58.6,45.5,30.3,67.8,39.4,49.8,2.4,1,5,301,311,4.0,12,22
Christian Barmore,82198,DI,NE,21,8,2.4,0,0,19,61.5,53.2,90.1,66.9,33.6,30.0,7.9,3,0,292,298,5.1,15,27
Teair Tart,82261,DI,LAC,18,6,1.1,0,1,27,56.7,71.0,22.0,68.1,74.7,58.0,5.9,2,5,234,245,9.4,22,26
Devonte Wyatt,82268,DI,GB,10,7,1.3,1,0,12,61.9,52.9,49.3,71.4,38.7,76.8,0.0,0,2,148,155,8.1,12,13
Aidan Hutchinson,82330,ED,DET,17,8,3.3,1,1,11,72.9,91.9,59.8,92.2,70.6,47.3,10.5,4,6,370,374,4.6,17,26
Casey Rogers,82347,DI,NYG,1,0,,0,0,21,,62.2,67.9,,60.8,,,0,0,2,2,0.0,0,0
Cameron Thomas,82387,ED,CLV,17,9,5.0,0,0,8,62.4,67.6,51.3,66.6,65.5,81.0,0.0,0,2,146,148,2.7,4,9
Kingsley Enagbare,82409,ED,GB,17,5,2.2,0,0,12,52.8,61.2,76.4,58.5,64.5,49.6,14.6,6,2,214,220,8.4,18,30
Bobby Brown III,82429,DI,CAR,18,8,1.9,0,0,5,66.9,56.7,49.3,50.4,61.1,55.7,6.9,2,2,200,206,6.0,12,19
Tyree Wilson,82432,ED,LV,17,6,2.6,0,0,23,63.3,57.6,89.1,60.4,48.2,28.6,20.6,7,0,151,155,9.3,14,21
Otito Ogbonnia,82450,DI,LAC,9,3,0.3,0,0,27,,54.5,43.6,57.7,56.3,40.6,10.0,1,1,78,80,7.7,6,6
Taki Taimani,82468,DI,MIN,2,0,,0,0,18,,27.4,0.0,55.6,28.7,23.0,100.0,1,1,22,23,0.0,0,0
Scott Matlock,82482,FB,LAC,3,1,,1,0,27,61.1,64.8,74.1,57.4,58.2,67.3,0.0,0,1,15,15,0.0,0,0
Tommy Togiai,82501,DI,HST,17,14,2.7,0,1,13,67.1,76.4,86.5,71.0,67.8,69.0,1.5,1,1,249,251,13.7,34,52
PJ Mustipher,82505,DI,ARZ,15,12,3.8,0,0,1,60.0,41.3,38.9,54.9,43.0,70.9,6.3,2,2,176,181,3.4,6,18
Quay Walker,82547,LB,GB,15,20,3.7,0,0,12,40.9,46.0,66.5,61.0,54.4,84.9,2.8,2,1,370,382,7.8,29,50
Channing Tindall,82548,LB,ARZ,1,0,2.0,0,0,1,60.5,75.7,68.9,59.4,65.0,73.2,0.0,0,0,1,1,100.0,1,1
Jack Sanborn,82566,LB,DAL,5,4,4.9,0,0,9,58.6,56.3,79.7,55.0,54.7,41.0,20.0,4,0,104,106,4.8,5,12
Mekhi Blackmon,83036,CB,IND,17,4,4.4,2,0,14,46.1,51.2,86.8,61.7,72.4,55.8,10.5,2,8,258,265,2.7,7,13
Kendall Williamson,83090,S,LAC,4,0,6.3,0,0,27,62.8,73.4,71.1,57.2,77.0,79.7,0.0,0,0,13,13,7.7,1,3
Ethan Bonner,83091,CB,MIA,7,1,,0,0,17,50.7,50.4,80.5,,51.5,28.2,0.0,0,0,36,37,0.0,0,0
Pat Surtain II,83119,CB,DEN,16,2,7.0,1,0,10,73.3,73.3,88.2,71.4,63.3,47.9,20.0,3,10,349,360,0.9,3,10
Jalyn Armour-Davis,83120,CB,TEN,11,4,5.7,3,0,31,49.6,54.2,85.6,60.0,71.1,52.5,18.8,3,5,202,208,1.5,3,9
Josh Jobe,83122,CB,SEA,19,3,3.9,2,0,29,52.9,57.6,65.2,85.7,77.2,65.9,5.9,1,10,266,274,2.6,7,13
Jamien Sherwood,83175,LB,NYJ,17,27,4.8,0,0,22,46.1,65.6,87.5,70.5,81.0,82.7,4.0,4,2,487,498,6.6,32,68
Roger McCreary,83176,CB,LA,13,4,6.5,0,0,26,72.0,72.1,82.3,57.9,68.6,63.0,23.1,3,1,134,141,1.5,2,6
Tyson Campbell,83217,CB,CLV,17,14,7.5,0,0,8,65.2,68.7,89.0,59.9,77.5,67.1,7.7,3,2,357,365,2.2,8,22
Chris Smith II,83220,S,NYJ,1,0,,0,0,22,62.4,63.3,65.4,,60.0,77.3,,0,0,1,1,0.0,0,0
Quan Martin,83236,S,WAS,16,19,8.0,3,0,32,39.0,48.5,34.1,88.2,70.4,60.2,12.7,7,4,354,362,2.5,9,29
Kerby Joseph,83239,S,DET,6,3,6.3,0,0,11,57.4,59.1,22.6,60.0,66.9,30.0,22.2,2,1,105,105,1.9,2,4
Sydney Brown,83241,S,PHI,11,3,9.1,0,0,24,58.1,60.0,83.4,57.7,62.9,67.6,0.0,0,0,125,126,1.6,2,8
JuJu Brents,83256,CB,MIA,3,1,6.5,0,0,17,78.6,74.5,78.8,,55.6,52.2,28.6,2,0,43,44,2.3,1,4
Kaevon Merriweather,83257,S,HST,8,0,-44.0,0,0,13,46.4,45.3,76.8,59.2,56.7,83.9,0.0,0,0,17,17,5.9,1,1
Riley Moss,83259,CB,DEN,19,5,5.2,2,0,10,61.2,64.2,71.2,87.9,71.6,67.0,13.0,3,12,414,425,1.4,6,15
Percy Butler,83271,S,WAS,7,0,,0,0,32,67.3,69.3,71.8,60.0,61.5,80.4,,0,0,9,9,0.0,0,0
Jordan Howden,83305,S,NO,9,5,6.3,0,0,20,68.7,75.1,15.7,52.1,85.5,72.5,0.0,0,1,102,102,6.9,7,10
Keidron Smith,83310,S,NYJ,2,2,9.5,0,0,22,53.8,50.8,0.0,,60.9,49.2,11.1,1,1,41,42,4.9,2,6
Isaiah Stalbird,83325,LB,NO,6,0,6.5,0,0,20,51.0,67.2,80.2,76.8,75.5,37.4,0.0,0,0,11,11,18.2,2,2
Cam Taylor-Britt,83326,CB,CIN,8,4,2.7,1,0,7,57.0,57.6,83.5,63.8,56.2,38.8,8.3,1,5,122,123,3.3,4,7
Greg Newsome II,83341,CB,JAX,18,3,6.6,1,0,15,55.3,54.3,63.8,,49.7,41.4,38.9,7,5,266,276,0.8,2,8
Kitan Oladapo,83349,S,GB,1,0,5.3,0,0,12,51.3,57.2,76.5,72.9,64.9,61.5,25.0,1,0,27,28,3.7,1,3
Christian Izien,83360,S,TB,6,2,2.7,0,0,30,50.4,51.3,78.2,50.8,61.2,65.5,11.1,1,0,64,65,7.8,5,6
Jaycee Horn,83375,CB,CAR,17,3,9.0,2,0,5,60.8,57.7,47.1,36.5,53.2,28.9,40.9,9,9,416,430,1.2,5,10
Kyler Gordon,83451,CB,CHI,5,2,5.5,1,0,6,60.4,61.3,0.0,63.1,78.0,85.9,0.0,0,2,51,53,2.0,1,2
Alontae Taylor,83469,CB,NO,17,4,4.0,0,0,20,67.7,63.8,48.0,54.7,56.0,63.5,19.4,6,4,456,471,2.4,11,21
Jaden Crumedy,83508,DI,CAR,3,2,,0,0,5,,64.8,77.3,62.1,62.6,68.7,0.0,0,0,24,24,0.0,0,0
Javontae Jean-Baptiste,83514,ED,WAS,3,3,5.5,0,0,32,66.5,75.5,81.2,60.9,71.2,76.1,0.0,0,0,26,29,3.8,1,2
Austin Ajiake,83826,LB,IND,9,2,2.2,0,0,14,34.0,40.7,81.4,69.5,59.9,40.9,12.5,1,0,35,35,8.6,3,5
Corey Ballentine,83833,CB,DAL,2,0,,0,0,9,57.3,48.3,74.5,59.1,50.5,22.9,,0,0,7,8,0.0,0,0
Jevon Holland,83873,S,NYG,14,10,9.4,1,0,21,53.0,58.4,61.4,52.7,73.8,73.7,6.7,2,4,305,315,0.7,2,18
Talanoa Hufanga,83903,S,DEN,19,17,6.3,0,1,10,67.9,70.8,71.9,63.9,75.9,66.0,15.3,11,4,418,429,5.0,21,44
Greg Dulcich,84068,TE,MIA,1,0,,0,0,17,,61.6,60.1,,60.0,,,0,0,1,1,0.0,0,0
Josh Newton,84268,CB,CIN,11,0,5.0,0,0,7,63.9,59.3,82.5,,35.6,27.4,60.0,3,0,91,94,1.1,1,2
Miles Battle,84301,CB,NE,2,0,6.0,0,0,19,71.1,67.7,87.7,,54.1,76.5,0.0,0,0,15,15,0.0,0,1
Markees Watts,84537,ED,TB,4,0,,0,0,30,40.4,46.6,80.0,63.5,47.8,22.4,100.0,1,0,6,6,0.0,0,0
Darius Muasau,86008,LB,NYG,12,9,4.4,0,0,21,53.9,52.1,81.8,66.9,49.9,55.7,15.6,5,0,216,224,4.2,9,18
Rico Payton,86957,CB,NYG,2,2,15.5,0,0,21,53.5,55.6,76.0,,62.2,46.4,0.0,0,2,17,17,0.0,0,2
Chris Williams,87178,DI,CHI,16,3,6.0,0,0,6,67.1,58.7,83.8,54.6,55.0,43.1,11.1,1,0,96,98,0.0,0,5
LaCale London,87179,DI,ATL,13,8,1.8,1,0,2,,70.4,36.3,65.7,71.6,44.9,8.7,2,2,132,139,8.3,11,13
Khristian Boyd,88444,DI,NO,4,4,5.0,0,0,20,,55.4,80.1,56.5,55.0,71.3,0.0,0,0,41,41,0.0,0,1
Gabriel Murphy,89099,ED,MIN,1,0,,0,0,18,,59.6,71.4,60.0,59.6,,,0,0,4,4,0.0,0,0
Charles Woods,89148,CB,NE,9,0,4.0,0,0,19,60.2,59.3,81.6,,51.4,63.7,0.0,0,0,41,42,2.4,1,2
Andre Sam,89166,S,PHI,1,0,,0,0,24,,60.0,66.3,,60.0,,,0,0,3,3,0.0,0,0
Patrick O'Connell,89300,LB,SEA,6,1,1.0,0,0,29,70.6,74.7,75.6,76.1,64.4,83.5,0.0,0,0,28,30,14.3,4,4
Kyle Dugger,90621,S,PIT,16,11,5.9,0,0,25,41.7,49.6,84.8,89.1,58.9,62.9,14.7,5,1,270,280,2.6,7,18
Brodric Martin,91288,DI,LV,1,0,,0,0,23,,28.4,71.8,59.9,30.0,,,0,0,7,7,0.0,0,0
Daniel Hardy,91336,ED,CHI,5,0,4.5,1,0,6,29.8,29.0,5.4,56.3,30.5,23.5,33.3,1,1,23,24,4.3,1,2
E.J. Speed,94351,LB,HST,17,5,2.7,0,0,13,55.0,55.6,12.6,50.3,64.1,46.7,17.6,6,3,167,171,9.6,16,23
Jordan Davis,94854,DI,PHI,18,19,1.8,0,0,24,62.0,73.7,88.3,62.1,73.4,42.9,8.1,6,0,316,318,11.4,36,49
Malik Washington,97108,WR,MIA,1,0,,0,0,17,,60.0,60.0,,60.0,,,0,2,1,1,0.0,0,0
Bralyn Lux,97143,CB,CIN,2,0,4.0,0,0,7,69.2,73.7,73.7,,74.0,77.8,0.0,0,0,5,5,20.0,1,1
Isaiah Williams,97156,WR,NYJ,1,0,,0,0,22,,60.0,60.0,,60.0,,,0,1,1,1,0.0,0,0
Mike Sainristil,97180,CB,WAS,17,5,5.9,3,0,32,52.1,52.7,87.0,52.6,52.6,55.4,16.0,4,4,401,411,1.2,5,16
Marcus Harris,97230,CB,TEN,9,1,3.3,0,0,31,67.4,68.4,82.9,59.9,68.1,88.0,0.0,0,1,109,114,0.9,1,3
Jaden Davis,97250,CB,ARZ,2,0,6.5,0,0,1,49.3,52.1,75.3,55.5,66.8,28.9,0.0,0,0,10,10,10.0,1,2
Reddy Steward,97289,CB,DAL,15,4,5.3,0,0,9,58.6,51.1,48.3,48.5,35.8,46.2,25.0,5,4,177,182,2.8,5,11
Dell Pettus,97290,S,NE,9,0,1.5,0,0,19,74.9,78.9,82.3,67.1,73.9,47.8,33.3,2,0,33,34,12.1,4,4
Jordan Clark,97324,CB,NYJ,5,0,,1,0,22,50.6,46.4,0.0,59.0,42.9,36.4,,0,1,38,38,0.0,0,0
Thomas Harper,97325,S,DET,10,5,8.0,0,0,11,75.9,77.8,84.7,50.9,72.5,73.9,17.4,4,0,192,195,1.6,3,14
Nic Jones,97327,CB,NYG,2,1,,0,0,21,53.9,47.1,72.2,,41.1,78.5,0.0,0,0,3,4,0.0,0,0
Cameron Mitchell,97340,CB,IND,8,0,8.1,1,1,14,58.4,58.4,83.4,57.7,56.8,44.3,12.5,1,2,83,85,1.2,1,7
Dadrion Taylor-Demerson,97348,S,ARZ,12,8,6.6,0,0,1,58.6,61.0,83.6,51.6,66.4,74.8,9.7,3,0,144,149,5.6,8,20
Christian Roland-Wallace,97374,S,KC,9,0,8.7,0,0,16,75.0,78.8,80.7,68.2,72.4,90.1,0.0,0,0,56,60,1.8,1,3
Jarrian Jones,97486,CB,JAX,14,3,2.6,2,0,15,74.5,74.7,84.8,56.9,69.6,80.3,11.1,1,8,139,143,2.9,4,5
Dean Clark,97495,S,NYJ,3,0,3.0,0,0,22,61.5,54.2,81.4,,33.3,35.5,60.0,3,0,69,69,1.4,1,2
Nick Cross,97514,S,IND,17,12,4.6,1,0,14,50.4,59.8,68.8,69.0,72.0,60.5,9.4,6,2,403,410,6.0,24,46
Dax Hill,97519,CB,CIN,17,6,4.1,2,0,7,67.7,64.9,46.5,50.4,60.0,63.0,16.1,5,6,394,401,2.8,11,20
Drake Thomas,97525,LB,SEA,20,24,3.1,0,0,29,65.9,72.9,82.6,65.5,77.0,41.7,14.1,9,1,307,315,5.2,16,31
Quincy Riley,97539,CB,NO,15,4,4.0,1,1,20,61.1,61.1,54.1,,61.4,51.6,16.7,2,3,200,207,2.0,4,6
Tyrique Stevenson,97562,CB,CHI,15,4,6.9,3,1,6,62.3,66.2,54.9,,83.2,61.9,17.4,4,5,237,244,2.1,5,15
Elijah Chatman,97568,DI,NYG,5,0,6.3,0,0,21,,46.8,79.9,64.1,40.9,70.1,0.0,0,0,47,48,2.1,1,3
Tyler Davis,97610,DI,LA,20,20,3.1,0,0,26,62.9,67.0,87.2,60.1,65.2,74.1,0.0,0,0,276,284,7.6,21,29
Josh Wallace,97676,S,LA,10,0,10.3,0,0,26,67.8,71.8,81.2,88.3,70.0,59.2,25.0,1,3,71,74,1.4,1,3
Alex Austin,97683,CB,NE,4,3,-1.0,0,0,19,37.9,42.2,80.8,57.4,64.3,67.2,20.0,1,2,47,50,2.1,1,1
Dorian Williams,97694,LB,BUF,16,10,3.3,0,0,4,48.4,56.1,52.5,62.3,63.2,42.9,12.5,6,1,219,222,8.2,18,32
Ronnie Hickman Jr.,97702,S,CLV,17,16,7.8,0,0,8,75.3,71.6,86.4,51.4,61.7,70.4,18.5,10,0,440,449,2.0,9,28
Storm Duck,97705,CB,MIA,2,0,,0,0,17,38.4,42.2,76.8,,64.4,75.4,,0,0,17,17,0.0,0,0
Omar Speights,97723,LB,LA,19,15,3.4,0,0,26,58.4,67.8,60.6,69.0,74.1,65.7,6.5,4,1,372,384,7.0,26,43
Mohamed Kamara,97731,ED,TB,2,0,,0,0,30,60.0,69.1,70.2,68.4,60.0,,,0,0,2,2,0.0,0,0
Javon Solomon,97821,ED,BUF,12,1,4.0,0,0,4,65.2,42.7,15.0,51.8,46.6,78.3,0.0,0,2,67,69,6.0,4,5
Jack Kiser,97889,LB,JAX,3,0,2.0,0,0,15,44.3,49.7,73.1,57.3,73.9,44.9,0.0,0,0,7,7,14.3,1,2
Tyler Nubin,97895,S,NYG,13,13,7.3,0,0,21,60.0,57.2,85.8,67.2,47.1,48.1,20.0,10,1,301,310,3.0,9,27
Adetomiwa Adebawore,97934,DI,IND,17,5,1.3,0,0,14,59.8,49.8,46.8,66.5,36.4,34.6,13.6,3,3,182,186,7.1,13,14
Jahfari Harvey,98118,ED,LV,2,0,,0,0,23,60.0,45.2,78.8,59.2,37.4,27.7,100.0,1,0,11,11,0.0,0,0
Derick Hall,98130,ED,SEA,17,12,2.8,1,0,29,29.3,70.5,73.0,71.8,69.9,34.0,6.7,2,2,165,169,7.3,12,16
Ricky Barber,98154,DI,WAS,2,1,6.3,0,0,32,,42.9,76.1,62.5,40.5,71.7,0.0,0,0,14,16,0.0,0,3
Jordan Magee,98155,LB,WAS,16,5,3.1,0,0,32,53.1,54.9,79.3,58.5,57.1,56.6,13.8,4,0,186,190,7.0,13,20
Jalen Graham,98165,LB,SF,1,1,,0,0,28,,72.9,64.3,,66.4,71.7,0.0,0,0,2,2,0.0,0,0
Derek Stingley Jr.,98253,CB,HST,19,2,4.7,1,0,13,73.5,65.6,46.8,53.4,29.5,28.6,42.9,6,9,355,362,0.8,3,6
Colby Wooden,98312,DI,GB,17,15,2.3,0,0,12,59.4,50.6,76.9,59.1,46.4,34.9,10.0,5,1,292,305,7.9,23,30
Alex Wright,98318,ED,CLV,14,7,1.1,1,1,8,77.5,78.5,77.4,64.7,73.4,55.0,11.5,3,1,188,194,6.9,13,16
George Karlaftis,98319,ED,KC,16,7,2.4,0,0,16,49.6,76.2,65.5,75.8,70.4,53.8,5.4,2,3,277,285,6.9,19,28
Darius Alexander,98333,DI,NYG,16,4,2.2,0,0,21,69.6,42.9,85.3,54.9,30.3,32.6,17.6,3,0,132,135,5.3,7,10
Marshawn Kneeland,98344,ED,DAL,7,3,0.3,0,0,9,61.6,51.7,85.7,58.1,43.8,27.4,33.3,5,0,88,88,6.8,6,7
Kayvon Thibodeaux,98444,ED,NYG,10,1,1.9,1,0,21,42.5,66.0,65.1,58.0,80.7,27.9,16.7,4,3,157,162,9.6,15,19
Eric Watts,98459,ED,NYJ,4,3,4.8,0,0,22,34.7,54.4,82.2,50.8,67.5,77.2,0.0,0,0,46,48,4.3,2,4
Zach Harrison,98503,DI,ATL,7,3,4.1,0,0,2,60.0,63.8,84.3,78.0,47.0,43.4,17.6,3,0,123,125,4.1,5,11
Jared Wiley,98508,TE,KC,1,0,3.0,0,0,16,,60.0,60.0,,60.0,,0.0,0,0,1,1,100.0,1,1
Tatum Bethune,98532,LB,SF,10,27,3.0,1,0,28,42.5,52.0,0.0,64.8,73.2,50.3,14.0,8,5,188,195,5.9,11,22
Swayze Bozeman,98634,LB,NYG,3,3,,0,0,21,42.8,38.8,71.4,57.9,50.3,75.5,0.0,0,0,15,15,0.0,0,0
Nick Jackson,98640,LB,TB,1,0,8.0,0,0,30,35.6,37.0,72.1,54.8,58.0,71.7,0.0,0,0,9,10,11.1,1,1
Kaiir Elam,98693,CB,TEN,11,0,4.7,1,0,31,56.3,56.8,86.1,58.5,55.5,68.9,0.0,0,3,197,200,0.5,1,3
Mohamoud Diabate,98780,LB,CLV,17,12,5.1,0,1,8,51.3,59.8,78.5,49.6,68.0,53.6,10.5,4,0,168,172,8.3,14,22
Ty'Ron Hopper,98781,LB,GB,9,0,6.4,0,0,12,80.6,63.9,80.8,54.2,48.9,51.7,9.1,1,0,68,72,5.9,4,10
Jay Ward,98833,S,MIN,13,3,5.4,0,0,18,68.6,70.4,84.3,44.8,71.3,52.6,20.0,5,0,142,147,4.2,6,17
Cor'Dale Flott,98834,CB,NYG,14,3,5.0,0,0,21,68.1,65.6,87.0,58.5,48.4,44.6,50.0,4,2,289,297,0.0,0,1
Jaylen McCollough,98845,S,LA,19,5,5.6,0,0,26,73.2,70.0,84.2,51.4,60.1,47.7,25.0,5,0,129,131,3.9,5,10
Demani Richardson,98852,S,CAR,3,0,10.7,0,0,5,61.7,71.5,73.2,,73.4,81.7,0.0,0,0,18,19,0.0,0,3
Jordan Battle,98857,S,CIN,17,25,8.8,0,0,7,54.5,61.5,82.5,59.4,72.3,59.1,8.2,6,0,418,426,2.9,12,42
DeMarcco Hellams,98863,S,ATL,3,1,,0,0,2,27.8,28.9,68.9,60.0,64.2,26.5,0.0,0,0,5,5,0.0,0,0
Nehemiah Pritchett,98875,CB,SEA,10,2,12.0,0,0,29,60.2,57.9,78.2,,49.4,44.8,25.0,1,0,40,40,0.0,0,1
Jaylin Simpson,98876,S,GB,1,0,19.0,1,0,12,30.0,30.3,77.0,,45.6,59.7,0.0,0,2,26,27,0.0,0,1
Brandin Echols,98900,CB,PIT,17,3,2.0,1,0,25,63.5,63.1,52.7,66.2,58.9,50.2,11.1,1,3,158,162,3.2,5,5
Zacch Pickens,98911,DI,KC,3,1,3.5,0,0,16,55.8,29.7,78.9,52.4,38.1,71.1,0.0,0,1,37,39,5.4,2,4
Elijah Simmons,98915,DI,TB,9,1,3.5,1,0,30,,60.1,24.8,67.0,59.9,43.2,16.7,1,1,54,56,3.7,2,4
DeMarvin Leal,98919,ED,PIT,3,1,5.0,0,0,25,60.6,56.6,74.5,52.7,60.0,73.5,0.0,0,0,8,8,0.0,0,1
Byron Young,98923,DI,PHI,17,15,3.3,0,0,24,63.1,49.5,47.2,59.6,47.4,60.3,5.6,2,2,199,202,4.5,9,19
Justin Eboigbe,98925,DI,LAC,18,5,3.2,0,0,27,60.6,57.5,86.5,55.2,57.4,60.0,3.7,1,0,176,182,8.0,14,21
Eric Gregory,98930,DI,NE,7,4,5.2,0,0,19,58.2,68.0,82.0,59.9,68.8,52.8,10.0,1,0,76,77,2.6,2,5
Travon Walker,98940,ED,JAX,15,11,1.8,0,0,15,50.8,67.6,78.1,67.1,65.8,70.4,5.9,2,1,170,176,9.4,16,21
Zion Logue,98944,DI,BUF,3,0,8.0,0,0,4,62.5,53.6,78.5,58.4,46.2,69.6,0.0,0,0,21,21,0.0,0,1
Darius Robinson,98946,DI,ARZ,15,15,3.4,0,0,1,60.0,30.1,59.1,44.3,30.1,52.9,6.5,3,2,240,247,5.8,14,28
Isaiah McGuire,98948,ED,CLV,17,9,1.0,0,1,8,59.3,73.5,89.8,62.9,75.5,70.0,13.8,4,0,172,175,7.6,13,16
Henry To'oTo'o,98982,LB,HST,19,17,2.6,0,0,13,59.5,65.1,62.3,80.6,66.4,36.5,22.2,14,3,342,348,6.4,22,32
Christian Harris,98996,LB,HST,6,3,5.2,0,0,13,53.8,54.8,0.0,56.6,64.8,60.8,0.0,0,1,44,46,0.0,0,5
Owen Pappoe,99006,LB,ARZ,3,2,4.3,0,0,1,70.3,64.1,78.4,56.6,54.6,82.8,0.0,0,0,48,51,4.2,2,4
Nolan Smith,99014,ED,PHI,13,9,1.8,0,1,24,59.3,70.2,56.1,67.1,71.2,70.7,4.0,1,2,195,197,6.7,13,15
Jermaine Johnson,99015,ED,NYJ,14,15,3.8,0,0,22,66.8,61.0,78.6,59.4,58.1,44.1,13.2,5,1,269,275,3.7,10,18
Nakobe Dean,99018,LB,PHI,10,7,5.4,0,0,24,62.6,62.2,83.3,92.4,42.4,54.9,11.9,5,2,177,178,5.6,10,30
Sam Williams,99106,ED,DAL,17,8,1.2,1,0,9,85.0,57.5,22.1,55.0,54.7,52.7,7.1,2,5,175,184,9.7,17,18
Tyler Owens,99271,S,WAS,5,0,4.7,0,0,32,41.5,48.5,76.3,52.9,71.3,78.2,0.0,0,0,26,26,7.7,2,3
T'Vondre Sweat,99321,DI,TEN,12,14,2.2,0,0,31,60.0,83.4,68.1,74.1,79.3,59.4,5.6,2,1,175,180,6.3,11,20
Jordan Jefferson,99325,DI,CIN,2,1,,0,0,7,,27.8,0.0,54.8,29.9,67.3,0.0,0,1,15,15,0.0,0,0
Gabe Hall,99350,DI,PHI,2,0,,0,0,24,,28.6,72.9,54.3,29.8,,,0,0,8,8,0.0,0,0
Dee Winters,99376,LB,SF,18,7,2.7,1,1,28,59.6,60.1,33.4,56.4,64.3,53.2,9.8,5,3,377,394,6.4,24,39
Tykee Smith,99500,S,TB,16,14,5.5,1,0,30,56.8,65.8,85.7,87.9,72.4,68.7,14.3,8,1,270,278,6.3,17,34
Darien Porter,99553,CB,LV,14,3,9.1,2,0,23,52.2,54.4,86.7,,59.5,48.6,21.4,3,4,280,288,0.4,1,8
Garrett Williams,99723,CB,ARZ,10,1,11.1,0,0,1,64.2,62.5,83.0,48.5,56.1,29.1,25.0,5,2,213,222,2.8,6,14
Demetrius Knight Jr.,99728,LB,CIN,17,12,6.5,1,0,7,45.2,40.2,89.0,63.3,34.4,46.9,15.1,8,2,318,325,4.7,15,33
Jarvis Brownlee Jr.,99734,CB,NYJ,9,2,2.9,1,0,22,49.5,50.6,0.0,47.1,77.7,73.4,9.5,2,9,142,144,9.2,13,17
SirVocea Dennis,99767,LB,TB,16,13,1.9,0,0,30,30.5,49.1,83.6,73.6,68.2,55.4,5.4,3,0,299,307,10.0,30,40
Ruke Orhorhoro,99768,DI,ATL,17,6,1.9,0,0,2,59.5,37.3,62.3,53.5,30.1,47.6,5.3,1,2,204,208,4.9,10,12
Renardo Green,99773,CB,SF,16,4,7.4,3,0,28,54.7,54.8,66.9,,54.9,75.8,7.7,2,6,369,381,1.9,7,20
Derrick McLendon II,99810,ED,MIA,1,0,,0,0,17,,52.4,76.1,58.5,51.9,,,0,0,10,10,0.0,0,0
Calijah Kancey,99822,DI,TB,3,0,-2.0,0,0,30,60.0,47.5,79.5,54.7,48.8,26.3,0.0,0,0,25,27,4.0,1,1
Kyu Blu Kelly,100375,CB,LV,12,0,5.9,0,0,23,48.4,51.9,87.5,,63.9,68.7,20.0,2,3,215,225,1.4,3,8
Trikweze Bridges,100378,CB,DAL,8,1,5.7,0,0,9,48.6,49.3,82.8,43.1,58.8,54.0,12.5,1,0,77,80,3.9,3,6
Nahshon Wright,100412,CB,CHI,19,9,4.2,2,2,6,64.8,65.9,36.4,73.4,71.2,63.7,13.5,5,8,459,469,3.5,16,23
Brandon Dorlus,100452,DI,ATL,15,7,1.1,0,0,2,55.8,63.4,86.6,62.0,61.6,30.4,10.5,2,0,145,150,6.2,9,10
Laiatu Latu,100551,ED,IND,16,7,2.3,1,0,14,88.3,84.1,50.6,77.0,72.4,61.6,9.1,3,4,249,253,6.4,16,23
Jamal Hill,100609,LB,HST,2,1,-1.0,0,0,13,61.9,64.4,67.0,,62.0,77.5,0.0,0,0,6,6,16.7,1,1
Craig Woodson,100612,S,NE,21,18,4.8,0,0,19,63.0,72.2,88.4,60.6,89.7,80.6,8.2,5,1,423,433,4.5,19,38
Sauce Gardner,100903,CB,IND,11,1,7.9,1,0,14,75.6,76.9,54.3,39.6,84.5,81.4,7.1,1,5,252,257,1.2,3,12
Ja'Quan McMillian,100931,CB,DEN,19,4,5.2,0,0,10,78.9,80.8,86.2,81.9,68.0,76.6,10.0,1,2,192,198,2.1,4,5
JL Skinner,101311,S,DEN,5,0,,0,0,10,42.8,42.1,76.4,,61.6,,,0,1,12,12,0.0,0,0
Jerrick Reed II,101322,S,TEN,3,1,7.5,0,0,31,59.1,53.5,75.3,,45.8,61.0,25.0,1,0,31,31,0.0,0,2
Joey Porter Jr.,101364,CB,PIT,15,3,6.5,3,0,25,76.6,70.1,45.0,59.5,41.3,55.6,27.8,5,9,353,363,0.8,3,10
DJ Turner II,101376,CB,CIN,17,0,16.3,1,1,7,78.1,73.3,88.9,,37.9,60.5,16.7,2,3,386,394,0.8,3,10
Deonte Banks,101384,CB,NYG,12,2,5.0,3,0,21,45.0,42.4,46.2,67.3,36.7,52.3,21.4,3,7,172,176,2.3,4,9
Devon Witherspoon,101388,CB,SEA,15,7,4.2,0,0,29,83.6,90.1,86.3,92.9,90.1,75.4,4.0,1,3,296,305,3.7,11,17
Dane Belton,101398,S,NYG,17,15,11.0,0,1,21,59.8,62.3,56.5,51.8,70.7,90.6,6.1,3,3,239,243,2.9,7,31
Logan Lee,101416,DI,PIT,5,0,5.0,0,0,25,,54.9,77.6,68.4,45.4,26.3,0.0,0,0,23,23,0.0,0,1
Mazi Smith,101419,DI,NYJ,8,1,1.5,0,0,22,59.9,39.8,81.7,57.8,34.2,27.6,25.0,1,0,73,74,2.7,2,2
David Ojabo,101420,ED,BLT,13,2,2.7,0,0,3,63.6,53.2,83.9,52.4,53.8,51.7,18.2,2,0,103,105,3.9,4,7
Mike Morris,101421,DI,SEA,14,2,2.0,0,0,29,53.9,60.8,49.5,61.0,63.2,36.2,9.1,1,1,71,72,9.9,7,8
Sam Okuayinonu,101425,ED,SF,17,4,2.9,0,0,28,79.7,60.7,81.2,57.5,52.8,57.7,5.6,2,1,238,249,7.6,18,30
Ty Robinson,101446,DI,PHI,8,3,2.0,0,0,24,,52.4,79.9,51.3,55.2,26.3,16.7,1,0,56,57,3.6,2,2
Leo Chenal,101463,LB,KC,14,11,2.3,0,0,16,72.6,75.1,85.0,57.2,76.2,71.5,8.6,3,0,198,202,7.6,15,21
Maema Njongmeta,101465,LB,CAR,1,0,,0,0,5,44.1,34.9,67.1,60.0,60.0,,,0,0,1,1,0.0,0,0
Tommy Eichenberg,101488,LB,LV,7,2,1.0,0,0,23,53.8,58.2,79.7,64.3,62.1,82.8,0.0,0,0,37,38,5.4,2,3
Jack Campbell,101515,LB,DET,17,40,3.6,0,0,11,71.4,90.2,68.6,72.4,93.0,81.4,3.5,4,2,406,410,10.8,44,71
Keeanu Benton,101536,DI,PIT,18,11,2.6,0,0,25,60.2,58.2,79.4,74.5,41.5,37.0,12.1,7,1,312,318,8.3,26,40
John Bullock,101601,LB,TB,2,0,,0,0,30,,68.1,99.9,,63.3,,,0,0,6,6,0.0,0,0
Jaquan Brisker,101665,S,CHI,19,27,5.6,1,0,6,54.1,64.6,41.9,72.3,79.0,82.5,5.6,4,4,479,489,3.5,17,41
Alijah Huzzie,101807,CB,HST,1,0,1.0,0,0,13,91.1,90.6,73.0,57.2,74.1,79.0,0.0,0,0,9,10,11.1,1,1
Jared Verse,101912,ED,LA,20,18,1.8,1,0,26,90.1,80.8,56.7,81.3,62.4,29.7,20.0,13,4,364,372,7.4,27,34
Isaiah Land,102108,ED,DAL,1,0,,0,0,9,,56.2,70.3,56.6,60.0,,,0,0,1,1,0.0,0,0
Kyle Hamilton,102684,S,BLT,16,11,3.3,1,0,3,84.3,86.3,21.1,91.5,78.7,76.5,11.3,6,6,333,344,6.3,21,36
Howard Cross III,102726,DI,CIN,3,1,2.7,0,0,7,,48.3,77.9,54.8,48.6,70.1,0.0,0,0,21,21,4.8,1,3
Isaiah Foskey,102728,ED,CIN,3,1,,0,0,7,48.8,56.0,76.4,76.5,45.1,24.0,0.0,0,0,12,12,0.0,0,0
JD Bertrand,102787,LB,ATL,7,11,3.1,0,0,2,34.9,43.2,79.2,74.6,55.6,64.1,8.7,2,0,104,105,7.7,8,10
Marist Liufau,102789,LB,DAL,17,2,5.0,0,1,9,28.5,40.7,24.0,56.5,68.9,28.5,16.7,2,1,113,114,2.7,3,8
Cam Hart,102955,CB,LAC,17,6,7.4,0,0,27,59.9,60.1,86.5,76.8,53.6,49.8,21.4,3,3,224,234,0.4,1,5
Jarius Monroe,103580,S,NYJ,1,0,,0,0,22,45.0,44.5,99.9,,60.0,,,0,0,1,1,0.0,0,0
Xavier Gipson,104136,WR,NYG,1,0,,0,0,21,,59.9,60.0,,60.0,,,0,0,1,1,0.0,0,0
Kei'Trel Clark,104163,CB,ARZ,9,0,2.8,0,0,1,54.1,56.1,82.2,,63.9,39.1,28.6,2,1,80,80,5.0,4,5
PJ Jules,104232,S,CIN,1,1,14.0,0,0,7,61.0,73.3,66.1,,69.9,76.4,0.0,0,0,6,6,0.0,0,1
Branson Combs,105001,LB,JAX,2,0,6.0,0,0,15,59.0,54.0,73.4,52.8,54.7,71.4,0.0,0,0,5,5,0.0,0,1
Chris Edmonds,105737,S,CLV,3,0,,0,0,8,60.0,63.7,64.6,,60.6,,,0,0,7,7,0.0,0,0
Jalyx Hunt,105989,ED,PHI,18,11,3.8,0,1,24,70.8,67.1,77.0,66.3,58.8,52.8,7.0,3,2,289,293,6.2,18,29
Isaiah Johnson,106073,CB,MIA,1,0,,0,0,17,,60.0,65.2,,60.0,,,0,0,3,3,0.0,0,0
Brandon Codrington,106248,CB,BUF,1,0,,0,0,4,66.0,66.3,70.9,,60.0,,,0,0,2,2,0.0,0,0
Truman Jones,106527,ED,TEN,6,3,2.0,0,0,31,62.2,58.2,81.2,54.9,60.2,64.1,0.0,0,0,36,37,11.1,4,4
Dom Jones,106697,CB,CLV,6,0,19.0,0,0,8,45.8,51.2,76.4,,68.6,77.6,0.0,0,0,24,24,0.0,0,2
Joe Andreessen,108177,LB,BUF,7,2,2.9,0,0,4,52.4,68.1,77.4,75.2,74.6,34.1,16.7,2,0,50,50,10.0,5,8
Rodney Thomas II,108389,S,IND,6,0,12.0,0,0,14,69.5,73.5,82.7,64.7,69.0,88.9,0.0,0,0,21,21,0.0,0,3
Michael Hoecht,108840,ED,BUF,2,1,,0,0,4,62.2,60.1,3.2,71.6,45.8,39.2,50.0,1,1,18,18,0.0,0,0
Dee Alford,110542,CB,ATL,15,1,4.3,1,0,2,56.5,52.8,84.7,60.4,34.8,54.1,27.8,5,5,181,185,3.3,6,12
D'Anthony Bell,111578,S,CAR,10,2,-2.0,0,0,5,69.1,75.0,75.8,76.0,68.4,65.0,40.0,2,0,40,40,2.5,1,1
Darrell Luter Jr.,121428,CB,SF,7,3,3.5,2,0,28,51.0,56.8,83.9,,82.0,58.1,12.5,1,3,87,91,2.3,2,4
Natrone Brooks,121449,CB,ATL,2,0,2.5,0,0,2,54.8,58.7,77.3,,73.3,50.2,0.0,0,0,22,22,9.1,2,2
Mac McWilliams,121497,CB,PHI,2,0,,0,0,24,29.9,36.9,73.4,,66.9,23.2,,0,1,12,12,0.0,0,0
Cam'Ron Jackson,121769,DI,CAR,9,4,2.8,0,0,5,54.7,46.5,80.5,58.0,46.3,28.4,20.0,2,0,61,62,6.6,4,4
Upton Stout,121906,CB,SF,18,4,5.5,1,0,28,58.2,62.0,57.4,72.2,68.4,69.8,19.4,6,8,190,196,3.7,7,21
Zion Childress,121963,S,DAL,1,0,,0,0,9,60.8,61.4,68.4,,60.0,,,0,0,2,2,0.0,0,0
Tyrice Knight,122025,LB,SEA,12,11,2.7,0,0,29,65.0,78.6,82.7,93.9,70.2,57.9,6.7,2,0,124,126,8.9,11,17
Tyler Batty,122052,ED,MIN,6,0,-2.0,0,0,18,,68.7,78.1,53.2,70.4,29.8,33.3,1,0,31,32,6.5,2,2
Bryan Bresee,122142,DI,NO,15,8,2.0,0,1,20,63.5,52.9,55.9,62.5,46.2,27.3,14.7,5,3,283,294,5.7,16,21
R.J. Mickens,122153,S,LAC,11,5,9.1,0,0,27,74.2,70.8,85.4,59.1,50.5,57.4,29.4,5,0,108,113,1.9,2,7
Myles Murphy,122154,ED,CIN,17,6,3.0,1,0,7,53.8,64.2,57.3,63.5,64.8,57.6,11.1,4,3,274,279,7.3,20,26
Trenton Simpson,122157,LB,BLT,12,11,2.7,1,0,3,57.9,70.7,84.1,67.0,79.6,66.7,6.5,2,1,154,158,8.4,13,18
Elijah Roberts,122222,DI,TB,17,3,3.0,1,0,30,57.9,50.5,58.6,63.0,41.4,75.3,8.3,1,2,167,172,3.0,5,8
Aeneas Peebles,122379,DI,BLT,5,0,2.5,0,0,3,61.3,59.6,78.9,62.3,52.3,70.2,0.0,0,0,16,16,6.3,1,2
Jared Ivey,122480,ED,SEA,1,0,,0,0,29,,52.8,75.9,60.7,51.3,,,0,0,6,6,0.0,0,0
Kyle Kennard,122483,ED,LAC,5,0,4.0,0,0,27,29.9,47.3,80.2,53.4,59.8,25.9,50.0,1,0,31,31,3.2,1,1
T.J. Tampa,122537,CB,BLT,8,2,6.5,0,0,3,72.8,65.1,82.0,,29.6,65.8,20.0,1,1,56,58,0.0,0,2
Trey Amos,122628,CB,WAS,10,6,4.0,1,0,32,58.8,55.8,84.7,,39.7,44.4,25.0,3,2,200,203,1.0,2,3
Yaya Diaby,122705,ED,TB,17,13,1.5,0,0,30,42.4,72.0,58.2,76.9,67.1,43.9,16.7,6,3,258,263,6.2,16,17
Greedy Vance Jr.,122729,CB,LV,5,0,11.3,1,0,23,56.3,56.4,0.0,63.0,72.8,61.6,0.0,0,1,19,19,0.0,0,3
Cedric Gray,122835,LB,TEN,16,30,3.9,1,0,31,59.0,79.0,6.0,55.4,92.7,75.4,5.0,5,5,376,389,11.2,42,65
Rylie Mills,122907,DI,SEA,4,1,3.0,0,0,29,60.0,63.3,76.9,73.9,53.2,37.9,33.3,1,0,19,19,5.3,1,1
Xavier Watts,122914,S,ATL,17,16,8.2,0,0,2,73.1,72.4,88.3,52.0,68.5,74.3,10.9,6,1,416,427,2.2,9,33
Marvin Mims Jr.,122937,WR,DEN,1,0,,0,0,10,,60.0,60.0,,60.0,,,0,0,1,1,0.0,0,0
Perrion Winfrey,122952,DI,DAL,1,1,7.0,0,0,9,,69.0,76.4,64.9,65.2,25.2,33.3,1,0,16,18,0.0,0,1
Korie Black,122958,CB,NYG,6,2,5.2,0,0,21,46.4,51.0,79.8,,66.8,86.0,0.0,0,1,72,75,2.8,2,5
Sean Tucker,123056,HB,TB,1,0,,0,0,30,,59.9,60.0,,60.0,,,0,0,1,1,0.0,0,0
Marlowe Wax,123057,LB,LAC,1,3,0.0,0,0,27,60.3,69.1,74.3,53.5,76.0,65.6,16.7,1,0,17,17,11.8,2,2
Jahdae Barron,123105,CB,DEN,17,0,6.6,1,0,10,45.4,49.5,82.6,47.6,73.2,53.9,0.0,0,3,85,88,1.2,1,5
Vernon Broughton,123107,DI,NO,1,1,,0,0,20,59.5,60.1,75.9,51.5,67.9,70.1,0.0,0,0,10,10,0.0,0,0
Alfred Collins,123110,DI,SF,18,9,2.6,0,1,28,56.3,35.0,87.1,59.4,28.5,40.4,12.5,3,0,222,237,3.2,7,12
Kitan Crawford,123111,S,ARZ,11,3,10.5,0,0,1,71.8,70.8,79.6,56.5,58.1,69.9,12.5,1,0,54,55,1.9,1,4
Kobee Minor,123148,CB,NE,2,0,4.0,0,0,19,64.0,63.9,82.0,,60.3,31.2,50.0,1,0,17,17,0.0,0,1
Keonta Jenkins,123352,LB,BUF,1,1,5.0,0,0,4,53.0,60.8,73.3,,66.4,80.1,0.0,0,0,14,14,0.0,0,1
Dorian Strong,123366,CB,BUF,3,0,30.0,0,0,4,57.2,62.9,79.1,72.0,69.4,80.4,0.0,0,1,37,38,0.0,0,2
Caelen Carson,123377,CB,DAL,6,2,8.5,0,0,9,52.7,54.8,11.3,,76.3,66.7,0.0,0,2,55,56,3.6,2,4
Ke'Shawn Williams,123406,WR,CIN,1,0,,0,0,7,,60.0,60.0,,60.0,,,0,0,1,1,0.0,0,0
Cam Horsley,123541,DI,TEN,1,0,,0,0,31,,31.1,74.9,56.0,36.0,,,0,0,8,8,0.0,0,0
Corey Thornton,123763,CB,CAR,7,3,,1,0,5,67.6,68.5,79.2,72.8,60.3,70.8,25.0,1,1,45,46,0.0,0,0
Will Anderson Jr.,123903,ED,HST,19,16,0.5,0,0,13,76.9,93.1,37.4,92.5,78.6,51.5,12.5,5,6,241,248,6.6,16,19
Brian Branch,123907,S,DET,12,12,4.6,2,1,11,74.0,77.5,0.0,81.5,82.6,87.7,4.5,2,9,290,292,5.5,16,30
Chris Braswell,123908,ED,TB,17,4,2.6,1,0,30,50.4,57.6,5.8,69.0,59.5,72.2,6.7,1,4,107,111,6.5,7,10
Malachi Moore,123928,S,NYJ,15,19,9.2,1,1,22,54.0,58.9,83.9,40.2,70.1,65.9,12.3,7,2,409,420,2.7,11,31
Quandarrius Robinson,123932,ED,DEN,7,3,0.4,0,0,10,59.0,65.4,85.3,62.0,63.7,57.3,9.1,1,0,73,74,9.6,7,7
JJ Pegues,123998,DI,LV,9,3,2.4,0,0,23,60.0,40.4,81.7,57.0,37.7,36.8,20.0,2,0,84,85,4.8,4,5
Warren Brinson,124013,DI,GB,12,3,3.1,0,0,12,53.1,44.2,40.6,66.8,36.7,29.7,21.4,3,2,114,120,5.3,6,8
Jalen Carter,124019,DI,PHI,12,12,2.2,1,0,24,55.1,55.1,36.0,77.1,37.3,24.7,26.3,10,5,256,258,4.7,12,16
Kelee Ringo,124035,CB,PHI,12,1,4.3,0,1,24,49.2,55.3,83.7,,80.9,56.2,11.1,1,7,113,116,3.5,4,7
Nazir Stackhouse,124040,DI,GB,13,5,2.8,0,0,12,60.0,44.1,83.3,48.6,45.4,44.4,9.1,1,0,94,97,3.2,3,5
Andru Phillips,124075,CB,NYG,17,4,2.2,1,0,21,65.4,63.0,31.6,57.3,58.0,56.6,22.2,4,10,211,217,3.8,8,10
Ali Gaye,124095,ED,TEN,3,0,,0,0,31,60.0,49.8,77.6,52.4,51.4,28.5,,0,0,13,13,0.0,0,0
Dwight McGlothern,124103,CB,MIN,4,0,,0,0,18,44.9,50.4,75.4,,69.1,,,0,1,13,14,0.0,0,0
BJ Ojulari,124105,ED,ARZ,8,2,2.8,0,0,1,41.6,49.0,51.8,51.6,59.1,54.5,0.0,0,1,106,110,2.8,3,4
Cedric Johnson,124136,ED,CIN,9,4,6.0,0,0,7,49.6,46.1,55.0,47.7,59.8,29.2,10.0,1,1,58,60,1.7,1,5
Austin Keys,124137,LB,ARZ,1,0,,0,0,1,61.0,83.8,71.5,87.9,58.1,71.4,,0,0,3,3,0.0,0,0
Deane Leonard,124140,CB,LAC,4,0,,0,0,27,69.0,69.6,74.1,,64.1,72.8,,0,0,17,17,0.0,0,0
Tavius Robinson,124147,ED,BLT,10,3,3.9,0,0,3,71.5,50.3,73.3,54.4,42.4,73.2,0.0,0,1,169,173,4.1,7,12
Emmanuel Forbes,124166,CB,LA,20,1,4.7,1,0,26,56.3,53.9,42.0,50.6,48.7,26.9,33.3,7,5,309,318,1.3,4,13
Decamerion Richardson,124183,CB,LV,1,0,,0,0,23,77.5,77.0,72.4,,61.0,72.8,,0,0,7,7,0.0,0,0
Tyrus Wheat,124191,ED,DET,7,0,2.0,0,0,11,60.0,82.3,81.5,80.5,62.4,73.1,0.0,0,0,18,18,5.6,1,1
Kris Abrams-Draine,124194,CB,DEN,9,0,12.0,0,0,10,53.6,55.8,83.1,,69.5,65.0,0.0,0,0,53,54,0.0,0,1
Jordan Burch,124227,ED,ARZ,17,8,3.6,0,0,1,52.7,49.0,72.4,51.0,51.4,71.9,5.6,1,1,234,241,2.6,6,9
Tonka Hemingway,124238,DI,LV,9,1,3.2,0,0,23,58.5,37.6,82.7,57.5,29.7,29.5,25.0,2,0,73,78,2.7,2,5
Tyler Baron,124268,ED,NYJ,6,2,1.8,0,0,22,53.7,53.7,83.5,56.7,55.6,34.1,20.0,2,0,45,46,8.9,4,6
Edgerrin Cooper,124311,LB,GB,17,25,4.0,0,1,12,74.8,75.8,85.5,67.4,71.0,57.9,12.7,10,0,430,445,6.3,27,44
Fadil Diggs,124314,ED,NO,5,0,,0,0,20,43.1,29.1,0.0,51.2,43.6,,,0,2,34,35,0.0,0,0
McKinnley Jackson,124324,DI,CIN,9,2,4.8,0,0,7,60.0,62.1,81.6,55.4,63.8,72.5,0.0,0,0,60,60,1.7,1,4
Antonio Johnson,124326,S,JAX,15,8,9.4,0,0,15,87.6,86.9,85.6,75.5,73.5,86.7,10.0,2,1,197,204,1.0,2,10
Jaylon Jones,124328,CB,IND,5,1,5.0,1,0,14,38.0,42.5,11.1,53.8,74.3,58.5,0.0,0,3,79,79,2.5,2,4
Gervon Dexter Sr.,124374,DI,CHI,19,12,2.8,1,0,6,62.9,55.7,49.4,70.5,42.8,32.1,15.9,7,4,296,302,4.4,13,25
Princely Umanmielen,124398,ED,CAR,16,5,0.6,0,1,5,39.6,49.8,83.9,57.1,48.2,51.2,12.5,2,0,76,76,10.5,8,9
Marques Sigle,125305,S,SF,9,7,6.5,0,0,28,31.2,38.9,83.2,60.3,65.0,69.0,5.9,2,4,190,195,4.7,9,25
Mekhi Wingo,128050,DI,DET,2,0,4.0,0,0,11,60.0,53.2,6.3,56.7,59.7,71.5,0.0,0,1,18,19,11.1,2,3
Segun Olubi,128312,LB,IND,2,0,,0,0,14,61.0,64.4,64.8,,61.3,,,0,0,4,4,0.0,0,0
Nohl Williams,128375,CB,KC,13,4,4.3,2,0,16,75.6,74.5,0.0,73.9,74.7,69.5,8.3,1,6,168,177,1.8,3,7
Reuben Lowery III,129393,S,IND,2,1,10.0,0,0,14,32.5,34.0,75.8,56.8,60.4,83.1,0.0,0,0,33,34,0.0,0,1
Jer'Zhan Newton,129420,DI,WAS,17,6,3.7,0,0,32,63.5,47.5,54.1,66.8,36.7,78.2,3.4,1,2,197,202,6.6,13,22
Yahya Black,129460,DI,PIT,18,7,2.4,0,2,25,62.4,49.9,70.3,53.8,49.4,34.3,12.5,4,1,211,217,8.1,17,21
Jay Higgins,129469,LB,BLT,2,1,5.0,0,0,3,44.7,45.6,70.9,59.4,64.5,75.4,0.0,0,0,3,3,33.3,1,1
Lukas Van Ness,129482,ED,GB,10,2,1.8,0,0,12,68.6,75.7,63.8,71.3,68.2,80.8,0.0,0,1,112,117,9.8,11,14
Jakorian Bennett,129496,CB,PHI,4,0,7.0,0,0,24,29.8,34.0,77.7,,60.3,80.2,0.0,0,4,43,44,0.0,0,1
Ruben Hyppolite II,129516,LB,CHI,3,1,1.5,0,0,6,51.3,46.2,72.9,58.1,51.8,76.2,0.0,0,0,18,19,11.1,2,2
Tarheeb Still,129537,CB,LAC,16,4,7.2,1,0,27,68.6,68.1,86.8,58.8,60.1,32.8,27.6,8,5,280,289,2.9,8,17
Jaylen Harrell,129579,ED,TEN,12,0,0.0,0,0,31,68.4,63.5,85.8,58.6,59.9,67.0,28.6,2,0,133,136,3.8,5,5
Kris Jenkins,129584,DI,CIN,14,11,2.9,0,0,7,59.8,53.3,71.8,50.0,58.4,45.7,9.1,3,1,191,196,7.3,14,19
Braiden McGregor,129586,ED,NYJ,12,3,5.3,0,0,22,53.1,41.9,86.9,58.9,33.1,27.4,10.0,1,0,147,147,1.4,2,6
Danny Striggow,129668,ED,JAX,10,2,3.6,0,0,15,70.6,70.3,84.8,59.5,69.9,78.3,0.0,0,0,59,59,6.8,4,5
Lathan Ransom,129755,S,CAR,15,9,6.4,0,1,5,52.4,59.5,29.9,64.5,85.1,86.8,4.8,1,1,101,102,3.0,3,11
Cody Simon,129757,LB,ARZ,11,14,2.1,0,0,1,57.9,56.1,84.2,55.3,55.3,36.3,22.9,11,0,258,266,5.4,14,23
Ji'Ayir Brown,129767,S,SF,18,7,6.4,0,0,28,58.5,63.6,87.2,65.9,71.1,59.5,17.1,6,0,309,324,2.9,9,22
Sanoussi Kane,129820,S,TEN,6,2,12.0,0,0,31,39.8,42.0,81.6,,68.9,83.6,0.0,0,1,30,30,0.0,0,1
Max Melton,129889,CB,ARZ,9,3,7.0,0,0,1,56.1,45.1,84.3,59.0,25.8,32.8,54.5,6,4,159,162,0.0,0,2
Nick Herbig,129920,ED,PIT,16,8,0.3,0,0,25,73.2,87.3,38.0,87.3,72.7,52.4,20.8,5,4,217,222,5.1,11,11
Jordan Turner,129932,LB,DEN,2,1,0.0,0,0,10,55.1,72.5,73.3,70.2,77.9,77.6,0.0,0,0,6,6,16.7,1,1
Shaun Dolac,130406,LB,LA,3,0,2.0,0,0,26,68.4,88.5,74.0,64.0,88.2,80.4,0.0,0,0,20,20,15.0,3,4
Adin Huntington,130493,DI,CLV,13,4,2.4,1,0,8,60.0,64.8,82.7,59.1,64.8,73.8,0.0,0,1,74,75,6.8,5,5
CJ West,130507,DI,SF,16,5,3.1,1,0,28,69.9,35.0,64.5,65.4,27.9,42.4,9.1,2,1,152,154,5.9,9,15
Quinyon Mitchell,130628,CB,PHI,17,3,6.1,0,1,24,80.2,80.3,88.3,,70.5,58.4,23.1,3,6,394,398,0.5,2,7
Byron Murphy II,131252,DI,SEA,20,19,2.3,0,0,29,74.6,72.8,89.0,77.3,53.4,64.9,3.5,2,1,309,320,9.1,28,36
Shemar Turner,131273,ED,CHI,5,0,3.8,0,0,6,62.0,34.4,81.1,51.4,30.9,27.4,33.3,2,0,38,38,5.3,2,4
Omarr Norman-Lott,131624,DI,KC,5,1,4.0,0,0,16,59.6,54.3,79.5,59.5,50.9,41.3,0.0,0,0,22,23,4.5,1,1
Christian Gonzalez,131679,CB,NE,18,6,7.8,1,1,19,76.9,75.0,88.7,57.8,58.6,90.4,3.4,1,3,367,373,1.6,6,22
Noah Sewell,131722,LB,CHI,11,10,3.0,0,1,6,29.3,41.9,47.6,42.5,70.5,30.6,20.5,9,2,177,182,9.0,16,25
Bradyn Swinson,131726,ED,NE,1,0,,0,0,19,,57.5,76.6,58.6,56.9,,,0,0,6,6,0.0,0,0
Tuli Tuipulotu,131840,ED,LAC,17,6,0.5,0,0,27,35.2,67.8,89.1,73.7,58.8,31.1,15.6,5,0,284,295,6.3,18,21
Connor O'Toole,131869,ED,SEA,5,0,,0,0,29,60.0,62.6,77.1,52.8,65.0,,,0,0,23,23,0.0,0,0
Carson Bruener,131889,LB,PIT,1,0,,0,0,25,60.0,61.6,64.2,,60.0,,,0,0,1,1,0.0,0,0
Cooper McDonald,131903,ED,KC,5,2,1.3,0,0,16,47.5,60.7,78.3,52.8,70.0,30.5,28.6,2,0,34,36,8.8,3,3
Chau Smith-Wade,131956,CB,CAR,17,6,8.3,3,0,5,55.1,55.0,84.7,50.6,55.1,63.4,8.7,2,3,223,233,1.8,4,15
Jaylen Watson,131960,CB,KC,15,10,5.4,1,0,16,68.4,74.1,87.8,79.9,83.5,77.1,3.8,1,5,332,341,2.4,8,15
CJ Ravenell,134584,DI,TEN,13,5,3.8,0,1,31,60.0,43.2,27.4,49.3,49.7,54.2,10.0,1,1,56,58,3.6,2,4
Sam Webb,134606,CB,CLV,6,1,0.0,1,0,8,59.0,57.1,0.0,,60.5,29.6,33.3,1,3,49,50,2.0,1,1
Isaiah Davis,138299,HB,NYJ,1,0,,0,0,22,,60.0,60.5,,60.0,,,0,0,1,1,0.0,0,0
Keyon Martin,138344,CB,BLT,6,0,3.6,0,0,3,59.8,53.4,0.0,79.2,29.7,67.0,16.7,1,2,40,41,7.5,3,5
Elijah Williams,138526,DI,MIN,7,2,4.0,0,0,18,,53.7,77.6,60.0,52.8,42.3,16.7,1,0,26,28,7.7,2,3
Micah Robinson,139042,CB,TEN,2,0,-2.0,0,0,31,68.4,70.6,77.2,,72.2,53.6,0.0,0,0,23,23,4.3,1,1
Myles Harden,141857,CB,CLV,16,1,5.8,1,0,8,44.8,48.7,83.9,91.0,57.1,29.7,30.8,4,6,181,185,2.2,4,8
Teddye Buchanan,142172,LB,BLT,14,19,4.4,0,0,3,49.8,59.9,84.6,55.2,70.8,75.9,7.8,4,0,280,288,5.4,15,28
Malik Mustapha,142358,S,SF,14,16,6.5,0,0,28,59.5,62.0,86.1,79.1,61.5,56.9,17.5,10,0,318,331,5.0,16,31
Elijah Ponder,142819,ED,NE,17,4,2.4,0,0,19,51.5,54.6,86.1,56.0,54.6,64.5,10.0,1,0,82,83,4.9,4,5
Donovan Ezeiruaku,143824,ED,DAL,17,12,1.0,0,0,9,88.7,73.1,62.8,66.8,62.8,37.1,14.3,6,2,222,229,8.1,18,24
Brandon Johnson,143858,S,PHI,2,0,12.0,0,0,24,55.3,57.5,72.5,,64.7,27.9,0.0,0,0,11,12,0.0,0,1
Joshua Farmer,143880,DI,NE,13,5,2.2,0,0,19,60.7,49.0,57.2,53.4,49.9,75.6,0.0,0,1,92,96,3.3,3,5
Kevin Knowles II,143885,CB,KC,4,0,5.0,0,0,16,50.1,54.3,78.5,63.5,69.1,48.5,0.0,0,0,17,18,5.9,1,2
Zeek Biggers,143903,DI,MIA,9,9,2.5,0,0,17,66.0,44.0,84.3,45.7,45.0,40.9,11.8,2,0,76,77,6.6,5,6
Kamren Kinchens,143946,S,LA,20,15,6.0,0,0,26,81.9,78.0,60.2,66.1,69.8,71.4,15.6,5,1,282,291,1.8,5,12
Brashard Smith,143951,HB,KC,1,0,,0,0,16,,60.0,60.0,,60.0,,,0,0,1,1,0.0,0,0
Leonard Taylor III,143953,DI,NE,9,3,1.9,0,0,19,60.0,53.6,82.3,62.5,47.3,73.5,0.0,0,0,79,81,5.1,4,7
James Williams,143955,LB,TEN,3,0,2.4,0,0,31,52.9,60.8,74.7,64.7,69.7,51.5,22.2,2,0,25,25,16.0,4,7
Barrett Carter,144109,LB,CIN,16,17,4.2,0,0,7,35.5,39.5,86.0,48.0,50.0,45.0,10.7,6,0,330,337,5.8,19,33
Andrew Mukuba,144129,S,PHI,11,10,6.2,1,0,24,46.9,57.6,89.3,78.4,81.0,51.4,6.7,2,1,235,238,3.8,9,18
Payton Page,144131,DI,NYJ,4,2,3.0,0,0,22,60.0,58.0,78.6,62.7,55.2,71.5,0.0,0,0,41,41,2.4,1,3
Jeremiah Trotter Jr.,144142,LB,PHI,5,3,1.5,0,0,24,68.5,82.1,75.7,90.8,74.7,40.8,18.2,2,0,46,47,8.7,4,6
Nate Wiggins,144143,CB,BLT,17,4,8.1,0,0,3,62.8,63.8,89.0,54.7,63.9,60.6,9.5,2,5,326,337,0.3,1,15
Ashton Gillotte,144154,ED,KC,17,7,3.3,1,0,16,59.0,58.5,89.7,48.7,66.7,59.9,0.0,0,1,190,195,8.4,16,22
Rayuan Lane III,144326,S,JAX,8,1,6.3,0,0,15,57.6,61.2,80.8,51.0,76.9,32.9,0.0,0,0,16,16,6.3,1,3
Keith Cooper Jr.,144409,DI,CLV,1,0,,0,0,8,,60.0,61.5,,60.0,,,0,0,1,1,0.0,0,0
Cobee Bryant,144575,CB,ATL,5,0,7.3,0,0,2,38.1,40.4,79.2,,55.2,56.5,0.0,0,1,31,34,6.5,2,3
Danny Stutsman,144632,LB,NO,13,4,3.2,0,0,20,62.7,71.5,80.7,56.6,74.5,59.5,11.1,3,0,100,104,11.0,11,20
Ethan Downs,144636,ED,KC,1,0,,0,0,16,,59.8,74.9,52.5,64.4,,,0,0,5,5,0.0,0,0
Billy Bowman Jr.,144638,CB,ATL,6,3,15.8,0,0,2,52.8,49.8,80.8,69.8,36.4,36.1,25.0,3,1,95,99,1.1,1,6
Collin Oliver,144664,ED,GB,1,0,,0,0,12,75.7,54.9,76.4,53.5,47.8,27.5,100.0,1,0,12,13,0.0,0,0
Nickolas Martin,144667,LB,SF,2,0,2.0,0,0,28,47.9,50.2,69.9,60.0,61.9,78.9,0.0,0,0,2,4,0.0,0,1
Barryn Sorrell,144739,ED,GB,12,4,2.5,1,0,12,64.9,55.4,55.7,51.3,63.0,69.1,7.7,1,1,67,68,9.0,6,8
Cooper DeJean,144867,CB,PHI,17,13,5.4,4,0,24,79.7,78.0,49.1,58.8,72.5,64.1,10.5,4,6,420,424,1.7,7,21
Dante Trader Jr.,144900,S,MIA,16,9,8.8,0,0,17,52.8,59.0,82.2,38.1,80.2,54.0,3.8,1,1,151,155,1.3,2,16
Chop Robinson,144901,ED,MIA,15,3,3.1,2,0,17,54.4,54.8,31.9,59.4,59.0,41.7,0.0,0,4,147,150,6.1,9,13
Kendell Brooks,144946,S,TEN,3,3,5.0,0,0,31,59.1,61.6,81.4,56.6,66.5,37.6,11.1,1,0,58,58,1.7,1,5
Derrick Harmon,144962,DI,PIT,13,9,2.9,0,0,25,58.5,49.9,72.6,55.2,48.3,51.7,7.1,2,1,179,184,6.7,12,17
Austin Booker,144990,ED,CHI,12,12,3.5,1,0,6,64.9,62.9,34.5,63.0,64.7,51.3,5.1,2,5,239,242,5.9,14,25
Jordan Hancock,145067,S,BUF,7,4,14.5,0,0,4,59.9,63.6,80.2,65.6,70.0,59.2,14.3,1,0,43,43,0.0,0,2
Denzel Burke,145070,CB,ARZ,14,7,14.2,1,0,1,61.2,55.6,56.8,58.5,35.4,34.5,26.9,7,6,270,276,1.1,3,12
Jack Sawyer,145071,ED,PIT,18,5,1.5,2,0,25,35.7,53.8,43.1,63.0,60.3,56.8,11.8,2,2,104,106,7.7,8,10
JT Tuimoloau,145074,ED,IND,12,4,0.6,0,0,14,52.5,60.6,56.5,63.3,60.2,61.8,10.0,1,1,78,78,5.1,4,5
Michael Hall Jr.,145076,DI,CLV,8,1,1.4,0,0,8,59.1,41.3,82.4,62.3,30.8,56.5,10.0,1,0,79,79,8.9,7,8
Tyleik Williams,145080,DI,DET,17,4,2.2,0,0,11,59.7,62.1,86.1,68.2,53.8,64.2,4.8,1,0,219,220,5.0,11,16
Kobe King,145097,LB,NYJ,2,1,2.0,0,0,22,60.0,77.4,63.4,,72.2,71.7,0.0,0,0,3,3,0.0,0,1
Jaylen Reed,145100,S,HST,4,4,13.0,0,0,13,55.8,59.9,79.8,58.3,71.3,42.8,12.5,1,0,60,60,0.0,0,3
Alijah Clark,145141,S,DAL,3,2,18.3,0,0,9,35.4,33.8,75.0,60.0,62.8,86.9,0.0,0,1,13,14,0.0,0,3
Thomas Incoom,145694,ED,CAR,6,1,,0,0,5,60.8,54.0,75.7,55.8,53.7,71.9,0.0,0,0,11,11,0.0,0,0
Bo Richter,145962,ED,MIN,10,2,,0,0,18,71.9,61.1,78.0,56.6,56.2,73.9,0.0,0,0,34,35,0.0,0,0
Johnathan Baldwin,146214,S,GB,1,3,2.5,0,0,12,60.7,67.6,76.9,,73.5,85.1,0.0,0,0,27,28,3.7,1,2
B.J. Green II,146277,ED,JAX,7,0,2.0,2,0,15,53.7,60.7,80.7,55.8,74.0,63.6,0.0,0,2,18,18,11.1,2,4
Oluwafemi Oladejo,146302,ED,TEN,6,4,1.4,0,0,31,40.9,48.2,84.7,52.4,53.4,66.7,0.0,0,0,111,115,3.6,4,5
Nikko Reed,146321,CB,LAC,3,0,,0,0,27,78.7,71.9,76.4,59.1,40.2,26.6,100.0,1,0,9,9,0.0,0,0
Carson Schwesinger,146401,LB,CLV,16,27,4.2,0,0,8,61.6,74.4,64.9,69.9,81.5,69.8,10.8,11,1,402,410,9.2,37,64
Jay Toia,146406,DI,DAL,5,0,12.0,0,0,9,60.0,29.9,24.0,54.9,29.6,70.2,0.0,0,1,45,45,0.0,0,2
Jaylin Smith,146422,CB,HST,3,1,0.0,0,0,13,65.2,68.7,76.0,,75.1,78.0,0.0,0,0,6,6,16.7,1,1
Calen Bullock,146424,S,HST,19,14,8.1,1,0,13,62.7,69.4,89.2,,85.6,81.3,5.7,2,2,379,388,1.6,6,19
Karene Reid,146447,LB,DEN,2,0,1.0,0,0,10,,78.4,67.2,,72.8,72.3,0.0,0,0,4,4,25.0,1,2
Cole Bishop,146454,S,BUF,19,13,6.7,0,0,4,67.2,66.5,49.9,67.0,64.3,58.6,21.6,11,3,413,419,2.4,10,27
Jonah Elliss,146458,ED,DEN,15,7,2.3,0,0,10,91.3,72.4,85.9,61.8,60.1,76.5,0.0,0,0,135,141,4.4,6,10
Jaden Hicks,146512,S,KC,16,4,6.9,0,0,16,59.0,62.2,53.2,70.9,68.6,48.2,21.4,3,2,111,114,2.7,3,7
Francisco Mauigoa,146521,LB,NYJ,12,9,6.0,1,0,22,31.7,42.4,36.4,59.8,59.0,40.0,20.0,6,2,175,176,4.6,8,15
Jeffrey Bassa,146552,LB,KC,4,1,3.3,0,0,16,84.6,85.7,74.0,,68.5,29.9,0.0,0,0,19,20,5.3,1,3
Kool-Aid McKinstry,146602,CB,NO,17,4,6.0,1,0,20,71.4,69.5,68.5,59.1,60.4,44.8,20.6,7,5,461,477,2.2,10,23
Terrion Arnold,146603,CB,DET,8,1,5.3,3,0,11,53.8,52.6,83.2,58.3,47.1,58.0,25.0,3,6,102,103,3.9,4,8
Dallas Turner,146604,ED,MIN,17,14,3.2,1,0,18,48.2,65.5,46.8,70.2,66.9,56.9,7.0,3,5,311,321,5.1,16,26
Donovan McMillon,146700,S,CLV,4,1,,0,0,8,62.0,59.9,71.5,72.5,51.4,30.0,0.0,0,0,11,12,0.0,0,0
Jason Marshall Jr.,146704,CB,MIA,10,2,2.4,0,0,17,41.6,40.8,82.8,48.0,46.7,41.9,22.2,2,2,62,64,6.5,4,5
Jamon Johnson,146721,LB,GB,1,3,0.0,0,0,12,39.8,54.2,74.6,51.4,79.1,67.5,0.0,0,0,28,29,3.6,1,1
Smael Mondon Jr.,146725,LB,PHI,3,0,,0,0,24,32.5,34.0,71.6,56.8,62.0,,,0,0,8,9,0.0,0,0
Javon Bullard,146726,S,GB,18,13,7.2,1,0,12,66.9,64.8,59.1,59.6,57.0,54.7,22.7,10,3,263,268,2.7,7,21
Kamari Lassiter,146727,CB,HST,18,11,3.6,2,0,13,77.0,79.8,68.9,63.4,84.9,74.6,8.3,4,7,371,380,5.7,21,33
Chaz Chambliss,146728,ED,MIN,4,0,7.0,0,0,18,49.0,61.5,76.3,72.9,63.8,72.4,0.0,0,0,15,16,0.0,0,1
Tyrion Ingram-Dawkins,146730,DI,MIN,14,4,1.6,0,0,18,61.2,58.3,60.4,58.8,58.3,42.6,18.8,3,1,165,174,3.6,6,9
Maxwell Hairston,146746,CB,BUF,11,1,3.8,1,0,4,68.0,64.3,84.5,66.7,43.2,52.8,14.3,1,1,149,151,2.0,3,5
Trevin Wallace,146747,LB,CAR,12,6,8.4,0,0,5,64.5,55.9,83.9,64.2,42.3,60.4,17.2,5,0,243,254,2.1,5,18
Maason Smith,146774,DI,JAX,13,9,1.9,0,0,15,57.3,49.1,9.7,61.3,51.8,48.9,5.9,1,4,110,113,4.5,5,7
Sai'vion Jones,146782,DI,DEN,2,0,,0,0,10,,64.7,76.2,60.0,65.5,26.3,,0,0,5,5,0.0,0,0
Landon Jackson,146784,ED,BUF,3,0,,0,0,4,60.0,60.5,78.5,52.0,64.6,,,0,0,17,17,0.0,0,0
Trey Washington,146822,S,IND,2,0,,0,0,14,46.4,48.1,75.0,,66.2,41.8,,0,1,14,14,0.0,0,0
Bam Martin-Scott,146904,LB,CAR,3,1,4.7,0,0,5,57.8,41.0,76.4,53.4,41.8,54.5,12.5,1,0,36,37,5.6,2,6
T.J. Sanders,146925,DI,BUF,14,2,3.3,1,0,4,58.8,40.0,45.9,50.6,41.7,63.0,8.3,1,2,141,143,4.3,6,9
Kamal Hadden,146931,CB,GB,2,0,3.0,0,0,12,60.8,67.6,75.5,,79.0,37.7,0.0,0,0,17,17,5.9,1,2
Byron Young,146932,ED,LA,20,20,2.6,1,0,26,63.8,83.6,74.0,81.2,77.8,68.9,7.1,5,2,346,357,9.8,34,45
Josaiah Stewart,147092,ED,LA,20,10,2.3,0,0,26,60.1,71.7,39.1,72.5,73.4,60.9,4.8,1,3,166,169,4.2,7,10
Daijahn Anthony,147537,S,CIN,2,1,11.0,0,0,7,50.7,53.1,73.4,,65.8,80.9,0.0,0,0,10,10,0.0,0,1
Johnathan Edwards,148086,CB,IND,9,3,0.0,2,0,14,38.9,39.7,84.1,,46.9,46.6,33.3,2,2,108,108,0.9,1,1
Cam'Ron Silmon-Craig,150938,S,JAX,1,0,,0,0,15,58.2,56.8,70.1,57.3,60.0,77.5,,0,0,1,1,0.0,0,0
Mike Green,151084,ED,BLT,17,9,2.0,0,0,3,28.7,46.3,87.7,55.5,47.1,58.1,6.7,2,0,263,274,5.3,14,19
Jonas Sanker,151097,S,NO,16,18,6.8,0,0,20,54.1,61.5,89.5,56.8,73.6,30.3,11.8,6,1,433,449,2.1,9,27
Sam Roberts,156069,DI,ATL,5,3,3.7,0,0,2,62.2,83.0,81.3,81.5,70.7,62.4,6.3,1,0,61,61,6.6,4,12
Joshua Williams,156083,CB,KC,4,0,,0,0,16,76.5,75.6,80.9,,60.7,,,0,0,6,7,0.0,0,0
Jeremiah Pharms Jr.,156117,DI,NE,3,1,-4.0,0,0,19,,59.7,0.0,66.9,60.0,78.0,0.0,0,1,20,20,5.0,1,2
Dondrea Tillman,156124,ED,DEN,19,9,2.9,1,0,10,52.7,68.0,73.3,61.5,73.8,57.4,6.1,2,1,184,192,7.1,13,22
Haggai Ndubuisi,156132,DI,HST,1,0,5.0,0,0,13,,62.1,70.1,59.1,61.3,66.8,0.0,0,0,2,2,0.0,0,1
Azareye'h Thomas,156277,CB,NYJ,8,2,1.3,0,0,22,55.5,55.1,82.8,60.0,52.2,33.5,37.5,3,3,148,151,1.4,2,3
Loren Strickland,156894,S,DET,1,0,,0,0,11,73.5,78.0,69.4,,60.0,80.7,,0,0,1,1,0.0,0,0
Benjamin Morrison,156968,CB,TB,10,0,3.3,2,0,30,50.0,47.0,84.3,47.9,35.5,40.3,30.0,3,4,115,117,4.3,5,7
Jihaad Campbell,157013,LB,PHI,17,9,5.4,0,1,24,78.6,76.2,65.9,60.2,69.8,77.0,7.3,3,2,283,287,4.6,13,29
Mykel Williams,157061,ED,SF,9,5,-0.1,0,0,28,61.5,53.9,71.9,51.9,57.8,60.1,7.1,1,2,129,133,6.2,8,8
Malaki Starks,157069,S,BLT,17,9,6.1,0,1,3,63.4,67.9,69.8,56.9,79.9,60.1,18.9,7,1,345,354,2.6,9,21
Jalon Walker,157070,ED,ATL,14,5,2.7,0,0,2,43.8,71.6,71.6,67.0,81.3,66.2,5.0,1,1,156,160,4.5,7,14
Jordan Phillips,157619,DI,MIA,17,11,2.4,0,0,17,62.7,56.4,87.0,55.3,54.2,31.1,12.2,5,0,270,279,6.7,18,25
Shemar James,157749,LB,DAL,13,8,5.8,0,0,9,40.9,39.9,83.2,71.3,38.2,69.5,10.8,4,0,203,211,4.4,9,25
Jacob Parrish,157777,CB,TB,17,4,5.8,0,0,30,65.7,68.5,59.2,60.2,78.5,45.5,18.2,4,3,214,217,3.3,7,14
Ollie Gordon II,157792,HB,MIA,1,0,,0,0,17,,60.0,60.0,,60.0,,,0,1,1,1,0.0,0,0
Nick Emmanwori,158121,S,SEA,17,10,5.3,0,0,29,73.3,73.9,66.7,62.9,74.2,59.0,5.6,2,2,283,294,3.9,11,24
Mason Graham,158535,DI,CLV,17,9,1.8,0,0,8,67.5,68.7,88.7,62.3,62.4,39.1,9.1,4,1,304,312,8.9,27,31
Will Johnson,158536,CB,ARZ,12,6,4.8,0,0,1,60.7,60.8,58.2,,61.2,51.2,16.7,2,6,261,273,0.8,2,4
Walter Nolen,158666,DI,ARZ,6,1,1.0,0,0,1,60.0,74.1,81.9,80.1,57.4,73.8,14.3,1,0,68,70,4.4,3,5
Shemar Stewart,158675,ED,CIN,8,2,2.0,0,0,7,61.0,41.2,85.6,56.0,29.3,29.7,22.2,2,0,98,98,3.1,3,5
Travis Hunter,160766,WR,JAX,7,0,5.5,0,0,15,72.7,73.2,81.0,,69.0,69.6,0.0,0,3,41,42,2.4,1,2
Jamaree Caldwell,162505,DI,LAC,18,6,2.0,0,0,27,55.3,62.5,73.2,54.8,67.1,28.7,18.2,6,1,245,254,6.1,15,21
Shavon Revel,162653,CB,DAL,7,3,7.1,1,0,9,34.6,35.2,31.4,,48.1,38.1,23.1,3,5,117,124,1.7,2,7
Kenneth Grant,162816,DI,MIA,17,4,2.4,0,0,17,58.9,48.4,87.6,57.6,41.2,56.3,4.0,1,0,213,218,8.0,17,20
Nic Scourton,162878,ED,CAR,18,12,1.7,1,0,5,75.8,68.0,79.5,61.6,63.9,44.4,12.5,5,1,314,324,4.5,14,23
James Pearce Jr.,163770,ED,ATL,17,3,2.6,0,0,2,41.4,56.2,53.1,64.2,51.4,51.0,23.1,3,3,195,199,2.6,5,7
Deone Walker,163783,DI,BUF,19,11,1.5,0,0,4,56.6,59.0,75.5,78.3,45.4,54.3,7.0,3,1,260,265,8.1,21,29
Abdul Carter,164160,ED,NYG,17,5,1.7,2,1,21,68.1,74.7,25.5,84.5,54.4,29.7,20.0,7,7,293,303,5.5,16,23
Kevin Winston Jr.,164192,S,TEN,8,4,3.0,0,0,31,44.5,62.1,84.6,91.7,89.4,79.4,7.1,1,0,100,107,6.0,6,9
Levi Drake Rodriguez,165670,DI,MIN,16,11,1.8,0,0,18,65.8,57.8,57.3,59.5,56.0,31.4,11.9,5,2,271,283,7.0,19,26
Kameron Johnson,165866,WR,TB,1,0,,0,0,30,,59.9,60.0,,60.0,,,0,0,1,1,0.0,0,0
Caleb Murphy,169634,ED,NYG,6,1,4.0,0,0,21,61.0,49.3,81.2,55.1,41.8,76.3,0.0,0,0,34,34,2.9,1,4
Qwan'tez Stiggers,169764,CB,NYJ,5,1,6.6,2,0,22,47.1,53.6,81.6,58.7,79.0,67.0,0.0,0,5,88,89,3.4,3,7
Nick Whiteside,169772,CB,DET,4,0,4.7,0,0,11,88.3,83.0,76.4,,51.0,49.9,25.0,1,0,10,10,20.0,2,3
Basil Okoye,169780,DI,BLT,13,4,3.2,1,0,3,,50.2,8.5,51.8,60.2,59.6,6.7,1,3,98,104,6.1,6,10
Trevor Nowaske,169859,ED,DET,6,3,-1.0,0,0,11,64.3,64.9,80.9,57.1,68.2,57.4,20.0,1,0,16,16,6.3,1,1
T.J. Maguranyanga,197942,ED,WAS,1,1,,0,0,32,,59.1,72.3,53.2,63.7,70.5,0.0,0,0,4,4,0.0,0,0
